gbifID,type,format,identifier,references,title,description,source,audience,created,creator,contributor,publisher,license,rightsHolder,species
1952853249,StillImage,image/jpeg,https://observation.org/photos/6860275.jpg,,,,,,,Jan Slaats,,,http://creativecommons.org/licenses/by-nc-nd/4.0/,Jan Slaats,Abrachyglossum capitatum
1952853249,StillImage,image/jpeg,https://observation.org/photos/6860268.jpg,,,,,,,Jan Slaats,,,http://creativecommons.org/licenses/by-nc-nd/4.0/,Jan Slaats,Abrachyglossum capitatum
1952853249,StillImage,image/jpeg,https://observation.org/photos/6860270.jpg,,,,,,,Jan Slaats,,,http://creativecommons.org/licenses/by-nc-nd/4.0/,Jan Slaats,Abrachyglossum capitatum
1952853249,StillImage,image/jpeg,https://observation.org/photos/6860272.jpg,,,,,,,Jan Slaats,,,http://creativecommons.org/licenses/by-nc-nd/4.0/,Jan Slaats,Abrachyglossum capitatum
1953000184,StillImage,image/jpeg,https://observation.org/photos/6737589.jpg,,,,,,,Gerard Lommen,,,http://creativecommons.org/licenses/by-nc-nd/4.0/,Gerard Lommen,Abia sericea
1957858635,StillImage,image/jpeg,https://observation.org/photos/3448592.jpg,,,,,,,Peter Meininger,,,http://creativecommons.org/licenses/by-nc-sa/4.0/,Peter Meininger,Abia sericea
1957858635,StillImage,image/jpeg,https://observation.org/photos/3448595.jpg,,,,,,,Peter Meininger,,,http://creativecommons.org/licenses/by-nc-sa/4.0/,Peter Meininger,Abia sericea
1959554563,StillImage,image/jpeg,https://observation.org/photos/2436428.jpg,,,,,,,Anne Krediet,,,http://creativecommons.org/licenses/by/4.0/,Anne Krediet,Abia sericea
1960031590,StillImage,image/jpeg,https://observation.org/photos/2094639.jpg,,,,,,,twan martens,,,http://creativecommons.org/licenses/by-nc-nd/4.0/,Twan Martens,Abia sericea
1961581821,StillImage,image/jpeg,https://observation.org/photos/1225665.jpg,,,,,,,twan martens,,,http://creativecommons.org/licenses/by-nc-nd/4.0/,Twan Martens,Abia sericea
1961581821,StillImage,image/jpeg,https://observation.org/photos/1225659.jpg,,,,,,,twan martens,,,http://creativecommons.org/licenses/by-nc-nd/4.0/,Twan Martens,Abia sericea
1961581821,StillImage,image/jpeg,https://observation.org/photos/1225671.jpg,,,,,,,twan martens,,,http://creativecommons.org/licenses/by-nc-nd/4.0/,Twan Martens,Abia sericea
1964085796,StillImage,image/jpeg,https://observation.org/photos/213879.jpg,,,,,,,benno te linde,,,http://creativecommons.org/licenses/by-nc-nd/4.0/,benno te linde,Abia sericea
1965888742,StillImage,image/jpeg,https://observation.org/photos/17584539.jpg,,,,,,,Jeanette 1.,,,http://creativecommons.org/licenses/by-nc-nd/4.0/,Jeanette 1.,Abia sericea
1965888742,StillImage,image/jpeg,https://observation.org/photos/17584545.jpg,,,,,,,Jeanette 1.,,,http://creativecommons.org/licenses/by-nc-nd/4.0/,Jeanette 1.,Abia sericea
1965977356,StillImage,image/jpeg,https://observation.org/photos/17494657.jpg,,,,,,,Jan Slaats,,,http://creativecommons.org/licenses/by-nc-nd/4.0/,Jan Slaats,Abrachyglossum capitatum
1965977356,StillImage,image/jpeg,https://observation.org/photos/17494654.jpg,,,,,,,Jan Slaats,,,http://creativecommons.org/licenses/by-nc-nd/4.0/,Jan Slaats,Abrachyglossum capitatum
1965977356,StillImage,image/jpeg,https://observation.org/photos/17494652.jpg,,,,,,,Jan Slaats,,,http://creativecommons.org/licenses/by-nc-nd/4.0/,Jan Slaats,Abrachyglossum capitatum
1966480702,StillImage,image/jpeg,https://observation.org/photos/16906772.jpg,,,,,,,Guido Verschoor,,,http://creativecommons.org/licenses/by-nc-sa/4.0/,Guido Verschoor,Abia sericea
1966480702,StillImage,image/jpeg,https://observation.org/photos/16906773.jpg,,,,,,,Guido Verschoor,,,http://creativecommons.org/licenses/by-nc-sa/4.0/,Guido Verschoor,Abia sericea
1966480702,StillImage,image/jpeg,https://observation.org/photos/16906771.jpg,,,,,,,Guido Verschoor,,,http://creativecommons.org/licenses/by-nc-sa/4.0/,Guido Verschoor,Abia sericea
1969577624,StillImage,image/jpeg,https://observation.org/photos/14251086.jpg,,,,,,,Twan Martens,,,http://creativecommons.org/licenses/by-nc-nd/4.0/,Twan Martens,Abia sericea
1972808551,StillImage,image/jpeg,https://observation.org/photos/11728924.jpg,,,,,,,Youp van den Heuvel,,,http://creativecommons.org/licenses/by/4.0/,Youp van den Heuvel,Abia sericea
1972808551,StillImage,image/jpeg,https://observation.org/photos/11728923.jpg,,,,,,,Youp van den Heuvel,,,http://creativecommons.org/licenses/by/4.0/,Youp van den Heuvel,Abia sericea
1976657952,StillImage,image/jpeg,https://observation.org/photos/8953116.jpg,,,,,,,Henk-Jan van der Kolk,,,http://creativecommons.org/licenses/by-nc-nd/4.0/,Henk-Jan van der Kolk,Abia sericea
2832066998,StillImage,image/jpeg,https://observation.org/photos/213875.jpg,,,,,,,benno te linde,,,http://creativecommons.org/licenses/by-nc-nd/4.0/,benno te linde,Abia sericea
2832983959,StillImage,image/jpeg,https://observation.org/photos/13495328.jpg,,,,,,,Sjak Gielen,,,http://creativecommons.org/licenses/by-nc-nd/4.0/,Sjak Gielen,Abia sericea
2836155010,StillImage,image/jpeg,https://observation.org/photos/22031826.jpg,,,,,,,Sandra Lamberts,,,http://creativecommons.org/licenses/by-nc-nd/4.0/,Sandra Lamberts,Abrachyglossum capitatum
2836971217,StillImage,image/jpeg,https://observation.org/photos/21229933.jpg,,,,,,,Rudy Offereins,,,http://creativecommons.org/licenses/by-nc-nd/4.0/,Rudy Offereins,Abia sericea
2836971217,StillImage,image/jpeg,https://observation.org/photos/21229932.jpg,,,,,,,Rudy Offereins,,,http://creativecommons.org/licenses/by-nc-nd/4.0/,Rudy Offereins,Abia sericea
2836971217,StillImage,image/jpeg,https://observation.org/photos/21229934.jpg,,,,,,,Rudy Offereins,,,http://creativecommons.org/licenses/by-nc-nd/4.0/,Rudy Offereins,Abia sericea
3717231124,StillImage,image/jpeg,https://observation.org/photos/29464456.jpg,,,,,,,Raoul Beunen,,,http://creativecommons.org/licenses/by-nc-nd/4.0/,Raoul Beunen,Abia sericea
3717231124,StillImage,image/jpeg,https://observation.org/photos/29464454.jpg,,,,,,,Raoul Beunen,,,http://creativecommons.org/licenses/by-nc-nd/4.0/,Raoul Beunen,Abia sericea
3717231124,StillImage,image/jpeg,https://observation.org/photos/29464455.jpg,,,,,,,Raoul Beunen,,,http://creativecommons.org/licenses/by-nc-nd/4.0/,Raoul Beunen,Abia sericea
3717231124,StillImage,image/jpeg,https://observation.org/photos/29464474.jpg,,,,,,,Raoul Beunen,,,http://creativecommons.org/licenses/by-nc-nd/4.0/,Raoul Beunen,Abia sericea
3717231124,StillImage,image/jpeg,https://observation.org/photos/29464453.jpg,,,,,,,Raoul Beunen,,,http://creativecommons.org/licenses/by-nc-nd/4.0/,Raoul Beunen,Abia sericea
3717231124,StillImage,image/jpeg,https://observation.org/photos/29464457.jpg,,,,,,,Raoul Beunen,,,http://creativecommons.org/licenses/by-nc-nd/4.0/,Raoul Beunen,Abia sericea
3717231124,StillImage,image/jpeg,https://observation.org/photos/29464473.jpg,,,,,,,Raoul Beunen,,,http://creativecommons.org/licenses/by-nc-nd/4.0/,Raoul Beunen,Abia sericea
3717341537,StillImage,image/jpeg,https://observation.org/photos/29049366.jpg,,,,,,,Peter van Santbrink,,,http://creativecommons.org/licenses/by-nc-nd/4.0/,Peter van Santbrink,Abia sericea
3717341537,StillImage,image/jpeg,https://observation.org/photos/29049365.jpg,,,,,,,Peter van Santbrink,,,http://creativecommons.org/licenses/by-nc-nd/4.0/,Peter van Santbrink,Abia sericea
3717341537,StillImage,image/jpeg,https://observation.org/photos/29049362.jpg,,,,,,,Peter van Santbrink,,,http://creativecommons.org/licenses/by-nc-nd/4.0/,Peter van Santbrink,Abia sericea
3717341537,StillImage,image/jpeg,https://observation.org/photos/29049364.jpg,,,,,,,Peter van Santbrink,,,http://creativecommons.org/licenses/by-nc-nd/4.0/,Peter van Santbrink,Abia sericea
3717341537,StillImage,image/jpeg,https://observation.org/photos/29049363.jpg,,,,,,,Peter van Santbrink,,,http://creativecommons.org/licenses/by-nc-nd/4.0/,Peter van Santbrink,Abia sericea
3717514869,StillImage,image/jpeg,https://observation.org/photos/29766425.jpg,,,,,,,Paul van de laak,,,http://creativecommons.org/licenses/by-nc-nd/4.0/,Paul van de laak,Abia sericea
3721372542,StillImage,image/jpeg,https://observation.org/photos/39714164.jpg,,,,,,,Jeroen van Soolingen,,,http://creativecommons.org/licenses/by-nc-nd/4.0/,Jeroen van Soolingen,Abrachyglossum capitatum
3722317010,StillImage,image/jpeg,https://observation.org/photos/39293011.jpg,,,,,,,Remco Hofland,,,http://creativecommons.org/licenses/by-nc-nd/4.0/,Remco Hofland,Abrachyglossum capitatum
3726753770,StillImage,image/jpeg,https://observation.org/photos/28629385.jpg,,,,,,,Sjors de Kort,,,http://creativecommons.org/licenses/by/4.0/,Sjors de Kort,Abia sericea
3728047469,StillImage,image/jpeg,https://observation.org/photos/29657582.jpg,,,,,,,H. Mertens,,,http://creativecommons.org/licenses/by-nc-nd/4.0/,H. Mertens,Abia sericea
3728047469,StillImage,image/jpeg,https://observation.org/photos/29657533.jpg,,,,,,,H. Mertens,,,http://creativecommons.org/licenses/by-nc-nd/4.0/,H. Mertens,Abia sericea
3729850303,StillImage,image/jpeg,https://observation.org/photos/38754680.jpg,,,,,,,Loe Redering,,,http://creativecommons.org/licenses/by-nc-nd/4.0/,Loe Redering,Abrachyglossum capitatum
3729850303,StillImage,image/jpeg,https://observation.org/photos/38754679.jpg,,,,,,,Loe Redering,,,http://creativecommons.org/licenses/by-nc-nd/4.0/,Loe Redering,Abrachyglossum capitatum
3730574184,StillImage,image/jpeg,https://observation.org/photos/39308604.jpg,,,,,,,Patrick Jansen üêæ,,,http://creativecommons.org/licenses/by-nc-nd/4.0/,Patrick Jansen üêæ,Abrachyglossum capitatum
3730574184,StillImage,image/jpeg,https://observation.org/photos/39308603.jpg,,,,,,,Patrick Jansen üêæ,,,http://creativecommons.org/licenses/by-nc-nd/4.0/,Patrick Jansen üêæ,Abrachyglossum capitatum
3730574184,StillImage,image/jpeg,https://observation.org/photos/39308605.jpg,,,,,,,Patrick Jansen üêæ,,,http://creativecommons.org/licenses/by-nc-nd/4.0/,Patrick Jansen üêæ,Abrachyglossum capitatum
3904131384,StillImage,image/jpeg,https://observation.org/photos/51834854.jpg,,,,,,,micha,,,http://creativecommons.org/licenses/by-nc-nd/4.0/,micha,Abrachyglossum capitatum
3904131384,StillImage,image/jpeg,https://observation.org/photos/51834853.jpg,,,,,,,micha,,,http://creativecommons.org/licenses/by-nc-nd/4.0/,micha,Abrachyglossum capitatum
3904131384,StillImage,image/jpeg,https://observation.org/photos/51834855.jpg,,,,,,,micha,,,http://creativecommons.org/licenses/by-nc-nd/4.0/,micha,Abrachyglossum capitatum
3905929261,StillImage,image/jpeg,https://observation.org/photos/53032861.jpg,,,,,,,Onno Bosma,,,http://creativecommons.org/licenses/by-nc-nd/4.0/,Onno Bosma,Abrachyglossum capitatum
3905929261,StillImage,image/jpeg,https://observation.org/photos/53032863.jpg,,,,,,,Onno Bosma,,,http://creativecommons.org/licenses/by-nc-nd/4.0/,Onno Bosma,Abrachyglossum capitatum
3905929261,StillImage,image/jpeg,https://observation.org/photos/53032862.jpg,,,,,,,Onno Bosma,,,http://creativecommons.org/licenses/by-nc-nd/4.0/,Onno Bosma,Abrachyglossum capitatum
3905929261,StillImage,image/jpeg,https://observation.org/photos/53032864.jpg,,,,,,,Onno Bosma,,,http://creativecommons.org/licenses/by-nc-nd/4.0/,Onno Bosma,Abrachyglossum capitatum
3905929261,StillImage,image/jpeg,https://observation.org/photos/53032860.jpg,,,,,,,Onno Bosma,,,http://creativecommons.org/licenses/by-nc-nd/4.0/,Onno Bosma,Abrachyglossum capitatum
4408050220,StillImage,image/jpeg,https://observation.org/photos/66630103.jpg,,,,,,,Gert-Jan de Rechter,,,http://creativecommons.org/licenses/by-nc-nd/4.0/,Gert-Jan de Rechter,Abia sericea
4408050518,StillImage,image/jpeg,https://observation.org/photos/49828586.jpg,,,,,,,Esther Borkent-Mollema,,,http://creativecommons.org/licenses/by-sa/4.0/,Esther Borkent-Mollema,Abia sericea
4408070552,StillImage,image/jpeg,https://observation.org/photos/49433547.jpg,,,,,,,Bas Waanders,,,http://creativecommons.org/licenses/by-nc-nd/4.0/,Bas Waanders,Abia sericea
4408070552,StillImage,image/jpeg,https://observation.org/photos/49433546.jpg,,,,,,,Bas Waanders,,,http://creativecommons.org/licenses/by-nc-nd/4.0/,Bas Waanders,Abia sericea
4408117861,StillImage,image/jpeg,https://observation.org/photos/66190568.jpg,,,,,,,Jelle Wissink,,,http://creativecommons.org/licenses/by-nc-nd/4.0/,Jelle Wissink,Abia sericea
4408122522,StillImage,image/jpeg,https://observation.org/photos/44500042.jpg,,,,,,,Py van Beelen,,,http://creativecommons.org/licenses/by-nc-nd/4.0/,Py van Beelen,Abia sericea
4408172441,StillImage,image/jpeg,https://observation.org/photos/37819636.jpg,,,,,,,Floor,,,http://creativecommons.org/licenses/by-nc-nd/4.0/,Floor,Abia sericea
4408173364,StillImage,image/jpeg,https://observation.org/photos/38439340.jpg,,,,,,,Louise de Kort,,,http://creativecommons.org/licenses/by-nc-nd/4.0/,Louise de Kort,Abia sericea
4408197629,StillImage,image/jpeg,https://observation.org/photos/48809616.jpg,,,,,,,Trudy & Willem Engel,,,http://creativecommons.org/licenses/by-nc-nd/4.0/,Trudy & Willem Engel,Abia sericea
4408197629,StillImage,image/jpeg,https://observation.org/photos/48809715.jpg,,,,,,,Trudy & Willem Engel,,,http://creativecommons.org/licenses/by-nc-nd/4.0/,Trudy & Willem Engel,Abia sericea
4408197629,StillImage,image/jpeg,https://observation.org/photos/48809615.jpg,,,,,,,Trudy & Willem Engel,,,http://creativecommons.org/licenses/by-nc-nd/4.0/,Trudy & Willem Engel,Abia sericea
4408207870,StillImage,image/jpeg,https://observation.org/photos/66947229.jpg,,,,,,,Rob van Bemmelen,,,http://creativecommons.org/licenses/by-nc-nd/4.0/,Rob van Bemmelen,Abia sericea
4408210178,StillImage,image/jpeg,https://observation.org/photos/66866066.jpg,,,,,,,Miep M√ºnninghoff,,,http://creativecommons.org/licenses/by-nc-nd/4.0/,Miep M√ºnninghoff,Abia sericea
4408210178,StillImage,image/jpeg,https://observation.org/photos/66866067.jpg,,,,,,,Miep M√ºnninghoff,,,http://creativecommons.org/licenses/by-nc-nd/4.0/,Miep M√ºnninghoff,Abia sericea
4408212397,StillImage,image/jpeg,https://observation.org/photos/53955017.jpg,,,,,,,Jeroen van Soolingen,,,http://creativecommons.org/licenses/by-nc-nd/4.0/,Jeroen van Soolingen,Abia sericea
4408259341,StillImage,image/jpeg,https://observation.org/photos/26741817.jpg,,,,,,,Pieter Bruijsten,,,http://creativecommons.org/licenses/by-nc-nd/4.0/,Pieter Bruijsten,Abia sericea
4408270505,StillImage,image/jpeg,https://observation.org/photos/40637494.jpg,,,,,,,Joop Scheijbeler,,,http://creativecommons.org/licenses/by-nc-nd/4.0/,Joop Scheijbeler,Abia sericea
4408303391,StillImage,image/jpeg,https://observation.org/photos/44500090.jpg,,,,,,,Py van Beelen,,,http://creativecommons.org/licenses/by-nc-nd/4.0/,Py van Beelen,Abia sericea
4408303391,StillImage,image/jpeg,https://observation.org/photos/44500091.jpg,,,,,,,Py van Beelen,,,http://creativecommons.org/licenses/by-nc-nd/4.0/,Py van Beelen,Abia sericea
4408322476,StillImage,image/jpeg,https://observation.org/photos/40676305.jpg,,,,,,,Peter-Paul Schets,,,http://creativecommons.org/licenses/by-nc-nd/4.0/,Peter-Paul Schets,Abia sericea
4408692061,StillImage,image/jpeg,https://observation.org/photos/72572854.jpg,,,,,,,Jon Silber,,,http://creativecommons.org/licenses/by-nc-nd/4.0/,Jon Silber,Abrachyglossum capitatum
4408692061,StillImage,image/jpeg,https://observation.org/photos/72572856.jpg,,,,,,,Jon Silber,,,http://creativecommons.org/licenses/by-nc-nd/4.0/,Jon Silber,Abrachyglossum capitatum
4409658284,StillImage,image/jpeg,https://observation.org/photos/73684537.jpg,,,,,,,Gert-Jan de Rechter,,,http://creativecommons.org/licenses/by-nc-nd/4.0/,Gert-Jan de Rechter,Abia sericea
4409658284,StillImage,image/jpeg,https://observation.org/photos/73668435.jpg,,,,,,,Gert-Jan de Rechter,,,http://creativecommons.org/licenses/by-nc-nd/4.0/,Gert-Jan de Rechter,Abia sericea
4409658284,StillImage,image/jpeg,https://observation.org/photos/73668434.jpg,,,,,,,Gert-Jan de Rechter,,,http://creativecommons.org/licenses/by-nc-nd/4.0/,Gert-Jan de Rechter,Abia sericea
4409694040,StillImage,image/jpeg,https://observation.org/photos/73291327.jpg,,,,,,,Mau,,,http://creativecommons.org/licenses/by-nc-nd/4.0/,Mau,Abia sericea
4409841933,StillImage,image/jpeg,https://observation.org/photos/74386612.jpg,,,,,,,Sonja & Lex,,,http://creativecommons.org/licenses/by-nc-nd/4.0/,Sonja & Lex,Abrachyglossum capitatum
4409841933,StillImage,image/jpeg,https://observation.org/photos/74386687.jpg,,,,,,,Sonja & Lex,,,http://creativecommons.org/licenses/by-nc-nd/4.0/,Sonja & Lex,Abrachyglossum capitatum
4410719001,StillImage,image/jpeg,https://observation.org/photos/75117458.jpg,,,,,,,Michael v Beveren,,,http://creativecommons.org/licenses/by-nc-nd/4.0/,Michael v Beveren,Abia sericea
1953190928,StillImage,image/jpeg,https://observation.org/photos/6582105.jpg,,,,,,,J Essink,,,http://creativecommons.org/licenses/by-nc-nd/4.0/,Jeanette 1.,Abia sericea
1953190928,StillImage,image/jpeg,https://observation.org/photos/6582093.jpg,,,,,,,J Essink,,,http://creativecommons.org/licenses/by-nc-nd/4.0/,Jeanette 1.,Abia sericea
1953190928,StillImage,image/jpeg,https://observation.org/photos/6582098.jpg,,,,,,,J Essink,,,http://creativecommons.org/licenses/by-nc-nd/4.0/,Jeanette 1.,Abia sericea
1953190928,StillImage,image/jpeg,https://observation.org/photos/6582102.jpg,,,,,,,J Essink,,,http://creativecommons.org/licenses/by-nc-nd/4.0/,Jeanette 1.,Abia sericea
1957925712,StillImage,image/jpeg,https://observation.org/photos/3397765.jpg,,,,,,,Jan van Duinen,,,http://creativecommons.org/licenses/by-nc-nd/4.0/,Jan van Duinen,Abia sericea
1957925712,StillImage,image/jpeg,https://observation.org/photos/3397763.jpg,,,,,,,Jan van Duinen,,,http://creativecommons.org/licenses/by-nc-nd/4.0/,Jan van Duinen,Abia sericea
1959932703,StillImage,image/jpeg,https://observation.org/photos/2155012.jpg,,,,,,,twan martens,,,http://creativecommons.org/licenses/by-nc-nd/4.0/,Twan Martens,Abia sericea
1959982555,StillImage,image/jpeg,https://observation.org/photos/2120548.jpg,,,,,,,twan martens,,,http://creativecommons.org/licenses/by-nc-nd/4.0/,Twan Martens,Abia sericea
1959982555,StillImage,image/jpeg,https://observation.org/photos/2120544.jpg,,,,,,,twan martens,,,http://creativecommons.org/licenses/by-nc-nd/4.0/,Twan Martens,Abia sericea
1961503774,StillImage,image/jpeg,https://observation.org/photos/1264669.jpg,,,,,,,Piet Smeets,,,http://creativecommons.org/licenses/by-nc-nd/4.0/,Piet Smeets,Abia sericea
1961658958,StillImage,image/jpeg,https://observation.org/photos/1193670.jpg,,,,,,,Dick Belgers,,,http://creativecommons.org/licenses/by-nc-nd/4.0/,Dick Belgers,Abia sericea
1961815322,StillImage,image/jpeg,https://observation.org/photos/381494.jpg,,,,,,,Dick Belgers,,,http://creativecommons.org/licenses/by-nc-nd/4.0/,Dick Belgers,Abia sericea
1962637833,StillImage,image/jpeg,https://observation.org/photos/346316.jpg,,,,,,,Lo Troisfontaine,,,http://creativecommons.org/licenses/by/4.0/,Lo Troisfontaine,Abia sericea
1962862716,StillImage,image/jpeg,https://observation.org/photos/335551.jpg,,,,,,,Dick Belgers,,,http://creativecommons.org/licenses/by-nc-nd/4.0/,Dick Belgers,Abia sericea
1962862716,StillImage,image/jpeg,https://observation.org/photos/335548.jpg,,,,,,,Dick Belgers,,,http://creativecommons.org/licenses/by-nc-nd/4.0/,Dick Belgers,Abia sericea
1963008171,StillImage,image/jpeg,https://observation.org/photos/711190.jpg,,,,,,,Dick Belgers,,,http://creativecommons.org/licenses/by-nc-nd/4.0/,Dick Belgers,Abia sericea
1964086147,StillImage,image/jpeg,https://observation.org/photos/213884.jpg,,,,,,,benno te linde,,,http://creativecommons.org/licenses/by-nc-nd/4.0/,benno te linde,Abia sericea
1964086147,StillImage,image/jpeg,https://observation.org/photos/213883.jpg,,,,,,,benno te linde,,,http://creativecommons.org/licenses/by-nc-nd/4.0/,benno te linde,Abia sericea
1964086147,StillImage,image/jpeg,https://observation.org/photos/213882.jpg,,,,,,,benno te linde,,,http://creativecommons.org/licenses/by-nc-nd/4.0/,benno te linde,Abia sericea
1973043591,StillImage,image/jpeg,https://observation.org/photos/11509141.jpg,,,,,,,Hein Nouwens,,,http://creativecommons.org/licenses/by-nc-nd/4.0/,Hein Nouwens,Abia sericea
1973043591,StillImage,image/jpeg,https://observation.org/photos/11509142.jpg,,,,,,,Hein Nouwens,,,http://creativecommons.org/licenses/by-nc-nd/4.0/,Hein Nouwens,Abia sericea
1976220411,StillImage,image/jpeg,https://observation.org/photos/9333875.jpg,,,,,,,benno te linde,,,http://creativecommons.org/licenses/by-nc-nd/4.0/,benno te linde,Abia sericea
2832121168,StillImage,image/jpeg,https://observation.org/photos/544174.jpg,,,,,,,Dick Belgers,,,http://creativecommons.org/licenses/by-nc-nd/4.0/,Dick Belgers,Abia sericea
2832655715,StillImage,image/jpeg,https://observation.org/photos/9220828.jpg,,,,,,,benno te linde,,,http://creativecommons.org/licenses/by-nc-nd/4.0/,benno te linde,Abia sericea
2834419963,StillImage,image/jpeg,https://observation.org/photos/23000934.jpg,,,,,,,Josee van Oers,,,http://creativecommons.org/licenses/by-nc-nd/4.0/,Josee van Oers,Abia sericea
2834419963,StillImage,image/jpeg,https://observation.org/photos/23000935.jpg,,,,,,,Josee van Oers,,,http://creativecommons.org/licenses/by-nc-nd/4.0/,Josee van Oers,Abia sericea
2834419963,StillImage,image/jpeg,https://observation.org/photos/23001058.jpg,,,,,,,,,,http://creativecommons.org/licenses/by-nc-nd/4.0/,Josee van Oers,Abia sericea
2836288384,StillImage,image/jpeg,https://observation.org/photos/16727582.jpg,,,,,,,Twan Martens,,,http://creativecommons.org/licenses/by-nc-nd/4.0/,Twan Martens,Abia sericea
2836933134,StillImage,image/jpeg,https://observation.org/photos/17479927.jpg,,,,,,,Rudy Klesman,,,http://creativecommons.org/licenses/by-nc-nd/4.0/,Rudy Klesman,Abia sericea
2836933134,StillImage,image/jpeg,https://observation.org/photos/17479928.jpg,,,,,,,Rudy Klesman,,,http://creativecommons.org/licenses/by-nc-nd/4.0/,Rudy Klesman,Abia sericea
2836933134,StillImage,image/jpeg,https://observation.org/photos/17479926.jpg,,,,,,,Rudy Klesman,,,http://creativecommons.org/licenses/by-nc-nd/4.0/,Rudy Klesman,Abia sericea
2838544236,StillImage,image/jpeg,https://observation.org/photos/23923647.jpg,,,,,,,,,,http://creativecommons.org/licenses/by-nc-nd/4.0/,Paul van de laak,Abia sericea
2838596298,StillImage,image/jpeg,https://observation.org/photos/2369831.jpg,,,,,,,Michiel Poolman,,,http://creativecommons.org/licenses/by-nc-nd/4.0/,Michiel Poolman,Abia sericea
2839217085,StillImage,image/jpeg,https://observation.org/photos/5738156.jpg,,,,,,,Arie Benschop,,,http://creativecommons.org/licenses/by-nc/4.0/,Arie Benschop,Abia sericea
2840323477,StillImage,image/jpeg,https://observation.org/photos/16528321.jpg,,,,,,,Sonja & Lex,,,http://creativecommons.org/licenses/by-nc-nd/4.0/,Sonja & Lex,Abia sericea
2840352353,StillImage,image/jpeg,https://observation.org/photos/13769858.jpg,,,,,,,Arnold Wijker,,,http://creativecommons.org/licenses/by-nc/4.0/,Arnold Wijker,Abrachyglossum capitatum
2843362415,StillImage,image/jpeg,https://observation.org/photos/15582545.jpg,,,,,,,jan wessels,,,http://creativecommons.org/licenses/by-nc-nd/4.0/,Jan Wessels,Abia sericea
2843362415,StillImage,image/jpeg,https://observation.org/photos/15582544.jpg,,,,,,,jan wessels,,,http://creativecommons.org/licenses/by-nc-nd/4.0/,Jan Wessels,Abia sericea
3721205831,StillImage,image/jpeg,https://observation.org/photos/37491211.jpg,,,,,,,Edward Sliwinski,,,http://creativecommons.org/licenses/by-nc-nd/4.0/,Edward Sliwinski,Abrachyglossum capitatum
3721226545,StillImage,image/jpeg,https://observation.org/photos/38019420.jpg,,,,,,,Hein Nouwens,,,http://creativecommons.org/licenses/by-nc-nd/4.0/,Hein Nouwens,Abrachyglossum capitatum
3721226545,StillImage,image/jpeg,https://observation.org/photos/38019419.jpg,,,,,,,Hein Nouwens,,,http://creativecommons.org/licenses/by-nc-nd/4.0/,Hein Nouwens,Abrachyglossum capitatum
3721365118,StillImage,image/jpeg,https://observation.org/photos/39244449.jpg,,,,,,,Gerwin van de Maat,,,http://creativecommons.org/licenses/by-nc-nd/4.0/,Gerwin van de Maat,Abrachyglossum capitatum
3721365118,StillImage,image/jpeg,https://observation.org/photos/39244450.jpg,,,,,,,Gerwin van de Maat,,,http://creativecommons.org/licenses/by-nc-nd/4.0/,Gerwin van de Maat,Abrachyglossum capitatum
3721365118,StillImage,image/jpeg,https://observation.org/photos/39244451.jpg,,,,,,,Gerwin van de Maat,,,http://creativecommons.org/licenses/by-nc-nd/4.0/,Gerwin van de Maat,Abrachyglossum capitatum
3721365118,StillImage,image/jpeg,https://observation.org/photos/39244453.jpg,,,,,,,Gerwin van de Maat,,,http://creativecommons.org/licenses/by-nc-nd/4.0/,Gerwin van de Maat,Abrachyglossum capitatum
3721365118,StillImage,image/jpeg,https://observation.org/photos/39244452.jpg,,,,,,,Gerwin van de Maat,,,http://creativecommons.org/licenses/by-nc-nd/4.0/,Gerwin van de Maat,Abrachyglossum capitatum
3721398306,StillImage,image/jpeg,https://observation.org/photos/39325615.jpg,,,,,,,Raoul Beunen,,,http://creativecommons.org/licenses/by-nc-nd/4.0/,Raoul Beunen,Abrachyglossum capitatum
3721398306,StillImage,image/jpeg,https://observation.org/photos/39325614.jpg,,,,,,,Raoul Beunen,,,http://creativecommons.org/licenses/by-nc-nd/4.0/,Raoul Beunen,Abrachyglossum capitatum
3721398306,StillImage,image/jpeg,https://observation.org/photos/39325904.jpg,,,,,,,Raoul Beunen,,,http://creativecommons.org/licenses/by-nc-nd/4.0/,Raoul Beunen,Abrachyglossum capitatum
3721398306,StillImage,image/jpeg,https://observation.org/photos/39325613.jpg,,,,,,,Raoul Beunen,,,http://creativecommons.org/licenses/by-nc-nd/4.0/,Raoul Beunen,Abrachyglossum capitatum
3725132028,StillImage,image/jpeg,https://observation.org/photos/21060776.jpg,,,,,,,,,,http://creativecommons.org/licenses/by-nc-nd/4.0/,Sjak Gielen,Abia sericea
3727365094,StillImage,image/jpeg,https://observation.org/photos/28807129.jpg,,,,,,,Reinoud van den Broek,,,http://creativecommons.org/licenses/by-nc-nd/4.0/,Reinoud van den Broek,Abrachyglossum capitatum
3727365094,StillImage,image/jpeg,https://observation.org/photos/28807130.jpg,,,,,,,Reinoud van den Broek,,,http://creativecommons.org/licenses/by-nc-nd/4.0/,Reinoud van den Broek,Abrachyglossum capitatum
3727812439,StillImage,image/jpeg,https://observation.org/photos/30617162.jpg,,,,,,,Dick en Mathilde Groenendijk,,,http://creativecommons.org/licenses/by-nc/4.0/,Dick en Mathilde Groenendijk,Abrachyglossum capitatum
3727812439,StillImage,image/jpeg,https://observation.org/photos/30617163.jpg,,,,,,,Dick en Mathilde Groenendijk,,,http://creativecommons.org/licenses/by-nc/4.0/,Dick en Mathilde Groenendijk,Abrachyglossum capitatum
3731479142,StillImage,image/jpeg,https://observation.org/photos/38443708.jpg,,,,,,,Hein Nouwens,,,http://creativecommons.org/licenses/by-nc-nd/4.0/,Hein Nouwens,Abrachyglossum capitatum
3731479142,StillImage,image/jpeg,https://observation.org/photos/38443710.jpg,,,,,,,Hein Nouwens,,,http://creativecommons.org/licenses/by-nc-nd/4.0/,Hein Nouwens,Abrachyglossum capitatum
3825056857,StillImage,image/jpeg,https://observation.org/photos/11785590.jpg,,,,,,,Marijke Kanters,,,http://creativecommons.org/licenses/by-nc-nd/4.0/,Marijke Kanters,Abia sericea
3906078598,StillImage,image/jpeg,https://observation.org/photos/54220406.jpg,,,,,,,H. Mertens,,,http://creativecommons.org/licenses/by-nc-nd/4.0/,H. Mertens,Abrachyglossum capitatum
3906078598,StillImage,image/jpeg,https://observation.org/photos/54220407.jpg,,,,,,,H. Mertens,,,http://creativecommons.org/licenses/by-nc-nd/4.0/,H. Mertens,Abrachyglossum capitatum
3906424598,StillImage,image/jpeg,https://observation.org/photos/54788535.jpg,,,,,,,Roel Schwartz,,,http://creativecommons.org/licenses/by-nc-nd/4.0/,Roel Schwartz,Abrachyglossum capitatum
3906424598,StillImage,image/jpeg,https://observation.org/photos/54788534.jpg,,,,,,,Roel Schwartz,,,http://creativecommons.org/licenses/by-nc-nd/4.0/,Roel Schwartz,Abrachyglossum capitatum
3906424598,StillImage,image/jpeg,https://observation.org/photos/54671842.jpg,,,,,,,Roel Schwartz,,,http://creativecommons.org/licenses/by-nc-nd/4.0/,Roel Schwartz,Abrachyglossum capitatum
3906424598,StillImage,image/jpeg,https://observation.org/photos/54671841.jpg,,,,,,,Roel Schwartz,,,http://creativecommons.org/licenses/by-nc-nd/4.0/,Roel Schwartz,Abrachyglossum capitatum
4159332021,StillImage,image/jpeg,https://observation.org/photos/66643595.jpg,,,,,,,Kaat Biesemans-Hoogewijs,,,http://creativecommons.org/licenses/by-nc-nd/4.0/,Kaat Biesemans-Hoogewijs,Abrachyglossum capitatum
4159332021,StillImage,image/jpeg,https://observation.org/photos/66643592.jpg,,,,,,,Kaat Biesemans-Hoogewijs,,,http://creativecommons.org/licenses/by-nc-nd/4.0/,Kaat Biesemans-Hoogewijs,Abrachyglossum capitatum
4159332021,StillImage,image/jpeg,https://observation.org/photos/66643594.jpg,,,,,,,Kaat Biesemans-Hoogewijs,,,http://creativecommons.org/licenses/by-nc-nd/4.0/,Kaat Biesemans-Hoogewijs,Abrachyglossum capitatum
4408029581,StillImage,image/jpeg,https://observation.org/photos/66156481.jpg,,,,,,,Else v,,,http://creativecommons.org/licenses/by-nc-nd/4.0/,Else v,Abia sericea
4408030598,StillImage,image/jpeg,https://observation.org/photos/50044269.jpg,,,,,,,Anke,,,http://creativecommons.org/licenses/by-nc-nd/4.0/,Anke,Abia sericea
4408033216,StillImage,image/jpeg,https://observation.org/photos/66506137.jpg,,,,,,,Henk van den Born,,,http://creativecommons.org/licenses/by-nc-nd/4.0/,Henk van den Born,Abia sericea
4408034378,StillImage,image/jpeg,https://observation.org/photos/48443205.jpg,,,,,,,Stannie van den Besselaar,,,http://creativecommons.org/licenses/by-nc-nd/4.0/,Stannie van den Besselaar,Abia sericea
4408034378,StillImage,image/jpeg,https://observation.org/photos/48442508.jpg,,,,,,,Stannie van den Besselaar,,,http://creativecommons.org/licenses/by-nc-nd/4.0/,Stannie van den Besselaar,Abia sericea
4408049575,StillImage,image/jpeg,https://observation.org/photos/49245178.jpg,,,,,,,Trudy & Willem Engel,,,http://creativecommons.org/licenses/by-nc-nd/4.0/,Trudy & Willem Engel,Abia sericea
4408049575,StillImage,image/jpeg,https://observation.org/photos/49245213.jpg,,,,,,,Trudy & Willem Engel,,,http://creativecommons.org/licenses/by-nc-nd/4.0/,Trudy & Willem Engel,Abia sericea
4408049575,StillImage,image/jpeg,https://observation.org/photos/49245179.jpg,,,,,,,Trudy & Willem Engel,,,http://creativecommons.org/licenses/by-nc-nd/4.0/,Trudy & Willem Engel,Abia sericea
4408088400,StillImage,image/jpeg,https://observation.org/photos/49409826.jpg,,,,,,,Jim Bakker,,,http://creativecommons.org/licenses/by-nc-nd/4.0/,Jim Bakker,Abia sericea
4408094642,StillImage,image/jpeg,https://observation.org/photos/54974830.jpg,,,,,,,Alex van Iersel,,,http://creativecommons.org/licenses/by-nc-nd/4.0/,Alex van Iersel,Abia sericea
4408120660,StillImage,image/jpeg,https://observation.org/photos/53928074.jpg,,,,,,,Ronald en Naomi,,,http://creativecommons.org/licenses/by-nc-nd/4.0/,Ronald en Naomi,Abia sericea
4408228607,StillImage,image/jpeg,https://observation.org/photos/50249820.jpg,,,,,,,Wim Langbroek,,,http://creativecommons.org/licenses/by/4.0/,Wim Langbroek,Abia sericea
4408228607,StillImage,image/jpeg,https://observation.org/photos/50249660.jpg,,,,,,,Wim Langbroek,,,http://creativecommons.org/licenses/by/4.0/,Wim Langbroek,Abia sericea
4408228607,StillImage,image/jpeg,https://observation.org/photos/50249857.jpg,,,,,,,Wim Langbroek,,,http://creativecommons.org/licenses/by/4.0/,Wim Langbroek,Abia sericea
4408228715,StillImage,image/jpeg,https://observation.org/photos/55541928.jpg,,,,,,,Jon Silber,,,http://creativecommons.org/licenses/by-nc-nd/4.0/,Jon Silber,Abia sericea
4408229647,StillImage,image/jpeg,https://observation.org/photos/56063848.jpg,,,,,,,H. Mertens,,,http://creativecommons.org/licenses/by-nc-nd/4.0/,H. Mertens,Abia sericea
4408229647,StillImage,image/jpeg,https://observation.org/photos/56063849.jpg,,,,,,,H. Mertens,,,http://creativecommons.org/licenses/by-nc-nd/4.0/,H. Mertens,Abia sericea
4408229647,StillImage,image/jpeg,https://observation.org/photos/56063847.jpg,,,,,,,H. Mertens,,,http://creativecommons.org/licenses/by-nc-nd/4.0/,H. Mertens,Abia sericea
4408232382,StillImage,image/jpeg,https://observation.org/photos/53168064.jpg,,,,,,,Ute Wagner,,,http://creativecommons.org/licenses/by-nc-nd/4.0/,Ute Wagner,Abia sericea
4408232382,StillImage,image/jpeg,https://observation.org/photos/53168065.jpg,,,,,,,Ute Wagner,,,http://creativecommons.org/licenses/by-nc-nd/4.0/,Ute Wagner,Abia sericea
4408266989,StillImage,image/jpeg,https://observation.org/photos/68337724.jpg,,,,,,,Elfi Vanden Berghe,,,http://creativecommons.org/licenses/by-nc-nd/4.0/,Elfi Vanden Berghe,Abia sericea
4408323138,StillImage,image/jpeg,https://observation.org/photos/67205507.jpg,,,,,,,Gert-Jan de Rechter,,,http://creativecommons.org/licenses/by-nc-nd/4.0/,Gert-Jan de Rechter,Abia sericea
4408325497,StillImage,image/jpeg,https://observation.org/photos/36620419.jpg,,,,,,,Arnout Imhof,,,http://creativecommons.org/licenses/by-nc/4.0/,Arnout Imhof,Abia sericea
4408325497,StillImage,image/jpeg,https://observation.org/photos/36620401.jpg,,,,,,,Arnout Imhof,,,http://creativecommons.org/licenses/by-nc/4.0/,Arnout Imhof,Abia sericea
4408330603,StillImage,image/jpeg,https://observation.org/photos/50715024.jpg,,,,,,,Sonja & Lex,,,http://creativecommons.org/licenses/by-nc-nd/4.0/,Sonja & Lex,Abia sericea
4408700021,StillImage,image/jpeg,https://observation.org/photos/71159066.jpg,,,,,,,Chris Janse,,,http://creativecommons.org/licenses/by-nc-nd/4.0/,Chris Janse,Abia sericea
4408700021,StillImage,image/jpeg,https://observation.org/photos/71159067.jpg,,,,,,,Chris Janse,,,http://creativecommons.org/licenses/by-nc-nd/4.0/,Chris Janse,Abia sericea
4408715336,StillImage,image/jpeg,https://observation.org/photos/70821793.jpg,,,,,,,Steven Wytema,,,http://creativecommons.org/licenses/by-nc-nd/4.0/,Steven Wytema,Abrachyglossum capitatum
4408715336,StillImage,image/jpeg,https://observation.org/photos/70821797.jpg,,,,,,,Steven Wytema,,,http://creativecommons.org/licenses/by-nc-nd/4.0/,Steven Wytema,Abrachyglossum capitatum
4408715336,StillImage,image/jpeg,https://observation.org/photos/70821795.jpg,,,,,,,Steven Wytema,,,http://creativecommons.org/licenses/by-nc-nd/4.0/,Steven Wytema,Abrachyglossum capitatum
4408715336,StillImage,image/jpeg,https://observation.org/photos/70821794.jpg,,,,,,,Steven Wytema,,,http://creativecommons.org/licenses/by-nc-nd/4.0/,Steven Wytema,Abrachyglossum capitatum
4408811870,StillImage,image/jpeg,https://observation.org/photos/71493203.jpg,,,,,,,Gijs van der Voet,,,http://creativecommons.org/licenses/by-nc-nd/4.0/,Gijs van der Voet,Abia sericea
4408811870,StillImage,image/jpeg,https://observation.org/photos/71474763.jpg,,,,,,,Gijs van der Voet,,,http://creativecommons.org/licenses/by-nc-nd/4.0/,Gijs van der Voet,Abia sericea
4408918589,StillImage,image/jpeg,https://observation.org/photos/72174036.jpg,,,,,,,Ed Michels,,,http://creativecommons.org/licenses/by-nc-nd/4.0/,Ed Michels,Abia sericea
4408918589,StillImage,image/jpeg,https://observation.org/photos/72174038.jpg,,,,,,,Ed Michels,,,http://creativecommons.org/licenses/by-nc-nd/4.0/,Ed Michels,Abia sericea
4408918589,StillImage,image/jpeg,https://observation.org/photos/72174037.jpg,,,,,,,Ed Michels,,,http://creativecommons.org/licenses/by-nc-nd/4.0/,Ed Michels,Abia sericea
4408918589,StillImage,image/jpeg,https://observation.org/photos/72174035.jpg,,,,,,,Ed Michels,,,http://creativecommons.org/licenses/by-nc-nd/4.0/,Ed Michels,Abia sericea
4408918589,StillImage,image/jpeg,https://observation.org/photos/72174034.jpg,,,,,,,Ed Michels,,,http://creativecommons.org/licenses/by-nc-nd/4.0/,Ed Michels,Abia sericea
4409287868,StillImage,image/jpeg,https://observation.org/photos/71484570.jpg,,,,,,,E. van Hees,,,http://creativecommons.org/licenses/by-nc-nd/4.0/,E. van Hees,Abrachyglossum capitatum
4409287868,StillImage,image/jpeg,https://observation.org/photos/71484569.jpg,,,,,,,E. van Hees,,,http://creativecommons.org/licenses/by-nc-nd/4.0/,E. van Hees,Abrachyglossum capitatum
4409374082,StillImage,image/jpeg,https://observation.org/photos/72570633.jpg,,,,,,,Rudy Offereins,,,http://creativecommons.org/licenses/by-nc-nd/4.0/,Rudy Offereins,Abrachyglossum capitatum
4409401711,StillImage,image/jpeg,https://observation.org/photos/74158060.jpg,,,,,,,Marco Jetten,,,http://creativecommons.org/licenses/by-nc-nd/4.0/,Marco Jetten,Abia sericea
4409524922,StillImage,image/jpeg,https://observation.org/photos/72862421.jpg,,,,,,,Trudy & Willem Engel,,,http://creativecommons.org/licenses/by-nc-nd/4.0/,Trudy & Willem Engel,Abia sericea
4409896164,StillImage,image/jpeg,https://observation.org/photos/73415560.jpg,,,,,,,Ankie Koning,,,http://creativecommons.org/licenses/by-nc-nd/4.0/,Ankie Koning,Abia sericea
4462236515,StillImage,image/jpeg,https://observation.org/photos/78345011.jpg,,,,,,,Holy A. Birman,,,http://creativecommons.org/licenses/by-nc-nd/4.0/,Holy A. Birman,Abrachyglossum capitatum
1957941648,StillImage,image/jpeg,https://observation.org/photos/3387045.jpg,,,,,,,Lo Troisfontaine,,,http://creativecommons.org/licenses/by/4.0/,Lo Troisfontaine,Abia sericea
1960033068,StillImage,image/jpeg,https://observation.org/photos/2094642.jpg,,,,,,,Lo Troisfontaine,,,http://creativecommons.org/licenses/by/4.0/,Lo Troisfontaine,Abia sericea
1961910291,StillImage,image/jpeg,https://observation.org/photos/376577.jpg,,,,,,,Wim Bakker,,,http://creativecommons.org/licenses/by-nc-sa/4.0/,Wim Bakker,Abia sericea
1961910291,StillImage,image/jpeg,https://observation.org/photos/376578.jpg,,,,,,,Wim Bakker,,,http://creativecommons.org/licenses/by-nc-sa/4.0/,Wim Bakker,Abia sericea
1964083097,StillImage,image/jpeg,https://observation.org/photos/215012.jpg,,,,,,,benno te linde,,,http://creativecommons.org/licenses/by-nc-nd/4.0/,benno te linde,Abia sericea
1964083097,StillImage,image/jpeg,https://observation.org/photos/215013.jpg,,,,,,,benno te linde,,,http://creativecommons.org/licenses/by-nc-nd/4.0/,benno te linde,Abia sericea
1969240877,StillImage,image/jpeg,https://observation.org/photos/14604486.jpg,,,,,,,Dick Belgers,,,http://creativecommons.org/licenses/by-nc-nd/4.0/,Dick Belgers,Abia sericea
1969240877,StillImage,image/jpeg,https://observation.org/photos/14604488.jpg,,,,,,,Dick Belgers,,,http://creativecommons.org/licenses/by-nc-nd/4.0/,Dick Belgers,Abia sericea
1969847252,StillImage,image/jpeg,https://observation.org/photos/13961002.jpg,,,,,,,Jos Hoekerswever,,,http://creativecommons.org/licenses/by-nc-nd/4.0/,Jos Hoekerswever,Abrachyglossum capitatum
1973654215,StillImage,image/jpeg,https://observation.org/photos/11199122.jpg,,,,,,,Gerwin van de Maat,,,http://creativecommons.org/licenses/by-nc-nd/4.0/,Gerwin van de Maat,Abia sericea
1974036934,StillImage,image/jpeg,https://observation.org/photos/15978985.jpg,,,,,,,Sandra Lamberts,,,http://creativecommons.org/licenses/by-nc-nd/4.0/,Sandra Lamberts,Abia sericea
1977020139,StillImage,image/jpeg,https://observation.org/photos/8613691.jpg,,,,,,,jan wessels,,,http://creativecommons.org/licenses/by-nc-nd/4.0/,Jan Wessels,Abia sericea
1977020139,StillImage,image/jpeg,https://observation.org/photos/8613689.jpg,,,,,,,jan wessels,,,http://creativecommons.org/licenses/by-nc-nd/4.0/,Jan Wessels,Abia sericea
1977020139,StillImage,image/jpeg,https://observation.org/photos/8613690.jpg,,,,,,,jan wessels,,,http://creativecommons.org/licenses/by-nc-nd/4.0/,Jan Wessels,Abia sericea
1977020139,StillImage,image/jpeg,https://observation.org/photos/8613692.jpg,,,,,,,jan wessels,,,http://creativecommons.org/licenses/by-nc-nd/4.0/,Jan Wessels,Abia sericea
2833028293,StillImage,image/jpeg,https://observation.org/photos/13906560.jpg,,,,,,,Edwin De Weerd,,,http://creativecommons.org/licenses/by-nc/4.0/,Edwin De Weerd,Abia sericea
2833286544,StillImage,image/jpeg,https://observation.org/photos/18117635.jpg,,,,,,,Hugo Langezaal,,,http://creativecommons.org/licenses/by-nc-nd/4.0/,Hugo Langezaal,Abia sericea
2838742647,StillImage,image/jpeg,https://observation.org/photos/22388318.jpg,,,,,,,,,,http://creativecommons.org/licenses/by-nc-nd/4.0/,nol de wit,Abrachyglossum capitatum
2839719098,StillImage,image/jpeg,https://observation.org/photos/11339084.jpg,,,,,,,Wouter Bosgra,,,http://creativecommons.org/licenses/by/4.0/,Wouter Bosgra,Abia sericea
2840716562,StillImage,image/jpeg,https://observation.org/photos/9180020.jpg,,,,,,,jan wessels,,,http://creativecommons.org/licenses/by-nc-nd/4.0/,Jan Wessels,Abia sericea
2841800878,StillImage,image/jpeg,https://observation.org/photos/20103771.jpg,,,,,,,,,,http://creativecommons.org/licenses/by-nc-nd/4.0/,Paul van de laak,Abia sericea
2841999838,StillImage,image/jpeg,https://observation.org/photos/22453042.jpg,,,,,,,,,,http://creativecommons.org/licenses/by-nc-nd/4.0/,Ellie koreman,Abrachyglossum capitatum
2841999838,StillImage,image/jpeg,https://observation.org/photos/22453043.jpg,,,,,,,,,,http://creativecommons.org/licenses/by-nc-nd/4.0/,Ellie koreman,Abrachyglossum capitatum
2841999838,StillImage,image/jpeg,https://observation.org/photos/22453041.jpg,,,,,,,,,,http://creativecommons.org/licenses/by-nc-nd/4.0/,Ellie koreman,Abrachyglossum capitatum
2843865508,StillImage,image/jpeg,https://observation.org/photos/18130181.jpg,,,,,,,Nika van den Meiracker,,,http://creativecommons.org/licenses/by-nc-nd/4.0/,Nika van den Meiracker,Abia sericea
2844452410,StillImage,image/jpeg,https://observation.org/photos/21795131.jpg,,,,,,,,,,http://creativecommons.org/licenses/by-nc-nd/4.0/,Erwin Altena,Abia sericea
3717415992,StillImage,image/jpeg,https://observation.org/photos/28139680.jpg,,,,,,,Niek Schrier,,,http://creativecommons.org/licenses/by-nc-nd/4.0/,Niek Schrier,Abia sericea
3718289852,StillImage,image/jpeg,https://observation.org/photos/29758910.jpg,,,,,,,Koos Werther,,,http://creativecommons.org/licenses/by-nc-nd/4.0/,Koos Werther,Abia sericea
3718289852,StillImage,image/jpeg,https://observation.org/photos/29758908.jpg,,,,,,,Koos Werther,,,http://creativecommons.org/licenses/by-nc-nd/4.0/,Koos Werther,Abia sericea
3718289852,StillImage,image/jpeg,https://observation.org/photos/29758909.jpg,,,,,,,Koos Werther,,,http://creativecommons.org/licenses/by-nc-nd/4.0/,Koos Werther,Abia sericea
3719996291,StillImage,image/jpeg,https://observation.org/photos/35350498.jpg,,,,,,,shar wegh,,,http://creativecommons.org/licenses/by-nc/4.0/,shar wegh,Abia sericea
3722238169,StillImage,image/jpeg,https://observation.org/photos/39239976.jpg,,,,,,,Peter Schaft,,,http://creativecommons.org/licenses/by-nc-nd/4.0/,Peter Schaft,Abrachyglossum capitatum
3722238169,StillImage,image/jpeg,https://observation.org/photos/39239977.jpg,,,,,,,Peter Schaft,,,http://creativecommons.org/licenses/by-nc-nd/4.0/,Peter Schaft,Abrachyglossum capitatum
3722278859,StillImage,image/jpeg,https://observation.org/photos/39260476.jpg,,,,,,,Jaimey Wilbers,,,http://creativecommons.org/licenses/by-nc-nd/4.0/,Jaimey Wilbers,Abrachyglossum capitatum
3725596863,StillImage,image/jpeg,https://observation.org/photos/20811696.jpg,,,,,,,,,,http://creativecommons.org/licenses/by-nc/4.0/,Henk Lammers,Abia sericea
3725596863,StillImage,image/jpeg,https://observation.org/photos/20811695.jpg,,,,,,,,,,http://creativecommons.org/licenses/by-nc/4.0/,Henk Lammers,Abia sericea
3725838030,StillImage,image/jpeg,https://observation.org/photos/26401250.jpg,,,,,,,Marie-Christine Gu√©gan,,,http://creativecommons.org/licenses/by-nc-nd/4.0/,Marie-Christine Gu√©gan,Abrachyglossum capitatum
3725838030,StillImage,image/jpeg,https://observation.org/photos/26401276.jpg,,,,,,,Marie-Christine Gu√©gan,,,http://creativecommons.org/licenses/by-nc-nd/4.0/,Marie-Christine Gu√©gan,Abrachyglossum capitatum
3725838030,StillImage,image/jpeg,https://observation.org/photos/26401251.jpg,,,,,,,Marie-Christine Gu√©gan,,,http://creativecommons.org/licenses/by-nc-nd/4.0/,Marie-Christine Gu√©gan,Abrachyglossum capitatum
3725923341,StillImage,image/jpeg,https://observation.org/photos/29585123.jpg,,,,,,,Sjaak Wolst,,,http://creativecommons.org/licenses/by-nc-nd/4.0/,Sjaak Wolst,Abia sericea
3726082411,StillImage,image/jpeg,https://observation.org/photos/28441782.jpg,,,,,,,Joop Smits,,,http://creativecommons.org/licenses/by-nc-nd/4.0/,Joop Smits,Abrachyglossum capitatum
3726082411,StillImage,image/jpeg,https://observation.org/photos/28441781.jpg,,,,,,,Joop Smits,,,http://creativecommons.org/licenses/by-nc-nd/4.0/,Joop Smits,Abrachyglossum capitatum
3726785466,StillImage,image/jpeg,https://observation.org/photos/29665276.jpg,,,,,,,Ruud van Middelkoop,,,http://creativecommons.org/licenses/by-nc-nd/4.0/,Ruud en Betty van Middelkoop,Abrachyglossum capitatum
3726785466,StillImage,image/jpeg,https://observation.org/photos/29665277.jpg,,,,,,,Ruud van Middelkoop,,,http://creativecommons.org/licenses/by-nc-nd/4.0/,Ruud en Betty van Middelkoop,Abrachyglossum capitatum
3727461700,StillImage,image/jpeg,https://observation.org/photos/29847295.jpg,,,,,,,Dennis Maas,,,http://creativecommons.org/licenses/by-nc-nd/4.0/,Dennis Maas,Abia sericea
3727461700,StillImage,image/jpeg,https://observation.org/photos/29847294.jpg,,,,,,,Dennis Maas,,,http://creativecommons.org/licenses/by-nc-nd/4.0/,Dennis Maas,Abia sericea
3727461700,StillImage,image/jpeg,https://observation.org/photos/29847293.jpg,,,,,,,Dennis Maas,,,http://creativecommons.org/licenses/by-nc-nd/4.0/,Dennis Maas,Abia sericea
3727461700,StillImage,image/jpeg,https://observation.org/photos/29847296.jpg,,,,,,,Dennis Maas,,,http://creativecommons.org/licenses/by-nc-nd/4.0/,Dennis Maas,Abia sericea
3729155235,StillImage,image/jpeg,https://observation.org/photos/38586788.jpg,,,,,,,Cecilia Bouman,,,http://creativecommons.org/licenses/by-nc-nd/4.0/,Cecilia Bouman,Abrachyglossum capitatum
3730627414,StillImage,image/jpeg,https://observation.org/photos/39736873.jpg,,,,,,,Sonja & Lex,,,http://creativecommons.org/licenses/by-nc-nd/4.0/,Sonja & Lex,Abrachyglossum capitatum
3730627414,StillImage,image/jpeg,https://observation.org/photos/39736874.jpg,,,,,,,Sonja & Lex,,,http://creativecommons.org/licenses/by-nc-nd/4.0/,Sonja & Lex,Abrachyglossum capitatum
3731767300,StillImage,image/jpeg,https://observation.org/photos/38572083.jpg,,,,,,,Marco Tanis,,,http://creativecommons.org/licenses/by-nc-nd/4.0/,Marco Tanis,Abrachyglossum capitatum
3731767300,StillImage,image/jpeg,https://observation.org/photos/38572082.jpg,,,,,,,Marco Tanis,,,http://creativecommons.org/licenses/by-nc-nd/4.0/,Marco Tanis,Abrachyglossum capitatum
3824630356,StillImage,image/jpeg,https://observation.org/photos/50643930.jpg,,,,,,,Hans Teeven,,,http://creativecommons.org/licenses/by-nc-nd/4.0/,Hans Teeven,Abrachyglossum capitatum
3824630356,StillImage,image/jpeg,https://observation.org/photos/50643929.jpg,,,,,,,Hans Teeven,,,http://creativecommons.org/licenses/by-nc-nd/4.0/,Hans Teeven,Abrachyglossum capitatum
3824630356,StillImage,image/jpeg,https://observation.org/photos/50643931.jpg,,,,,,,Hans Teeven,,,http://creativecommons.org/licenses/by-nc-nd/4.0/,Hans Teeven,Abrachyglossum capitatum
3906543664,StillImage,image/jpeg,https://observation.org/photos/56580086.jpg,,,,,,,Remco Hofland,,,http://creativecommons.org/licenses/by-nc-nd/4.0/,Remco Hofland,Abrachyglossum capitatum
3906543664,StillImage,image/jpeg,https://observation.org/photos/56580056.jpg,,,,,,,Remco Hofland,,,http://creativecommons.org/licenses/by-nc-nd/4.0/,Remco Hofland,Abrachyglossum capitatum
3906543664,StillImage,image/jpeg,https://observation.org/photos/56580057.jpg,,,,,,,Remco Hofland,,,http://creativecommons.org/licenses/by-nc-nd/4.0/,Remco Hofland,Abrachyglossum capitatum
3906543664,StillImage,image/jpeg,https://observation.org/photos/56580036.jpg,,,,,,,Remco Hofland,,,http://creativecommons.org/licenses/by-nc-nd/4.0/,Remco Hofland,Abrachyglossum capitatum
3906543664,StillImage,image/jpeg,https://observation.org/photos/56580055.jpg,,,,,,,Remco Hofland,,,http://creativecommons.org/licenses/by-nc-nd/4.0/,Remco Hofland,Abrachyglossum capitatum
3906543664,StillImage,image/jpeg,https://observation.org/photos/56580087.jpg,,,,,,,Remco Hofland,,,http://creativecommons.org/licenses/by-nc-nd/4.0/,Remco Hofland,Abrachyglossum capitatum
3906543664,StillImage,image/jpeg,https://observation.org/photos/56580059.jpg,,,,,,,Remco Hofland,,,http://creativecommons.org/licenses/by-nc-nd/4.0/,Remco Hofland,Abrachyglossum capitatum
3906543664,StillImage,image/jpeg,https://observation.org/photos/56580058.jpg,,,,,,,Remco Hofland,,,http://creativecommons.org/licenses/by-nc-nd/4.0/,Remco Hofland,Abrachyglossum capitatum
3906543664,StillImage,image/jpeg,https://observation.org/photos/56580085.jpg,,,,,,,Remco Hofland,,,http://creativecommons.org/licenses/by-nc-nd/4.0/,Remco Hofland,Abrachyglossum capitatum
4156646213,StillImage,image/jpeg,https://observation.org/photos/63635090.jpg,,,,,,,Niels,,,http://creativecommons.org/licenses/by-nc-nd/4.0/,Niels,Abrachyglossum capitatum
4156646213,StillImage,image/jpeg,https://observation.org/photos/63635091.jpg,,,,,,,Niels,,,http://creativecommons.org/licenses/by-nc-nd/4.0/,Niels,Abrachyglossum capitatum
4156646213,StillImage,image/jpeg,https://observation.org/photos/63635092.jpg,,,,,,,Niels,,,http://creativecommons.org/licenses/by-nc-nd/4.0/,Niels,Abrachyglossum capitatum
4156646213,StillImage,image/jpeg,https://observation.org/photos/63635089.jpg,,,,,,,Niels,,,http://creativecommons.org/licenses/by-nc-nd/4.0/,Niels,Abrachyglossum capitatum
4408043419,StillImage,image/jpeg,https://observation.org/photos/50702994.jpg,,,,,,,Jetta Verhoef,,,http://creativecommons.org/licenses/by-nc-nd/4.0/,Jetta Verhoef,Abia sericea
4408063700,StillImage,image/jpeg,https://observation.org/photos/67036204.jpg,,,,,,,Peter-Paul Schets,,,http://creativecommons.org/licenses/by-nc-nd/4.0/,Peter-Paul Schets,Abia sericea
4408099341,StillImage,image/jpeg,https://observation.org/photos/26661014.jpg,,,,,,,Stannie van den Besselaar,,,http://creativecommons.org/licenses/by-nc-nd/4.0/,Stannie van den Besselaar,Abia sericea
4408105195,StillImage,image/jpeg,https://observation.org/photos/66013814.jpg,,,,,,,Peter-Paul Schets,,,http://creativecommons.org/licenses/by-nc-nd/4.0/,Peter-Paul Schets,Abia sericea
4408110397,StillImage,image/jpeg,https://observation.org/photos/49409820.jpg,,,,,,,Kirsten van der Hulst,,,http://creativecommons.org/licenses/by-nc-nd/4.0/,Kirsten van der Hulst,Abia sericea
4408110676,StillImage,image/jpeg,https://observation.org/photos/69784761.jpg,,,,,,,N.S.,,,http://creativecommons.org/licenses/by-nc-nd/4.0/,N.S.,Abia sericea
4408110676,StillImage,image/jpeg,https://observation.org/photos/69784599.jpg,,,,,,,N.S.,,,http://creativecommons.org/licenses/by-nc-nd/4.0/,N.S.,Abia sericea
4408110676,StillImage,image/jpeg,https://observation.org/photos/69784600.jpg,,,,,,,N.S.,,,http://creativecommons.org/licenses/by-nc-nd/4.0/,N.S.,Abia sericea
4408110676,StillImage,image/jpeg,https://observation.org/photos/69784601.jpg,,,,,,,N.S.,,,http://creativecommons.org/licenses/by-nc-nd/4.0/,N.S.,Abia sericea
4408118416,StillImage,image/jpeg,https://observation.org/photos/53974094.jpg,,,,,,,Henri√´tteW,,,http://creativecommons.org/licenses/by-nc-nd/4.0/,Henri√´tteW,Abia sericea
4408118416,StillImage,image/jpeg,https://observation.org/photos/53986451.jpg,,,,,,,Henri√´tteW,,,http://creativecommons.org/licenses/by-nc-nd/4.0/,Henri√´tteW,Abia sericea
4408125567,StillImage,image/jpeg,https://observation.org/photos/54182582.jpg,,,,,,,Ruud van Middelkoop,,,http://creativecommons.org/licenses/by-nc-nd/4.0/,Ruud en Betty van Middelkoop,Abia sericea
4408125567,StillImage,image/jpeg,https://observation.org/photos/54182579.jpg,,,,,,,Ruud van Middelkoop,,,http://creativecommons.org/licenses/by-nc-nd/4.0/,Ruud en Betty van Middelkoop,Abia sericea
4408125567,StillImage,image/jpeg,https://observation.org/photos/54182580.jpg,,,,,,,Ruud van Middelkoop,,,http://creativecommons.org/licenses/by-nc-nd/4.0/,Ruud en Betty van Middelkoop,Abia sericea
4408125567,StillImage,image/jpeg,https://observation.org/photos/54182581.jpg,,,,,,,Ruud van Middelkoop,,,http://creativecommons.org/licenses/by-nc-nd/4.0/,Ruud en Betty van Middelkoop,Abia sericea
4408148490,StillImage,image/jpeg,https://observation.org/photos/55197153.jpg,,,,,,,Py van Beelen,,,http://creativecommons.org/licenses/by-nc-nd/4.0/,Py van Beelen,Abia sericea
4408148490,StillImage,image/jpeg,https://observation.org/photos/55197154.jpg,,,,,,,Py van Beelen,,,http://creativecommons.org/licenses/by-nc-nd/4.0/,Py van Beelen,Abia sericea
4408150474,StillImage,image/jpeg,https://observation.org/photos/37866211.jpg,,,,,,,Dennis Maas,,,http://creativecommons.org/licenses/by-nc-nd/4.0/,Dennis Maas,Abia sericea
4408150474,StillImage,image/jpeg,https://observation.org/photos/37866212.jpg,,,,,,,Dennis Maas,,,http://creativecommons.org/licenses/by-nc-nd/4.0/,Dennis Maas,Abia sericea
4408157328,StillImage,image/jpeg,https://observation.org/photos/26706923.jpg,,,,,,,Antoine Deley,,,http://creativecommons.org/licenses/by-nc-nd/4.0/,Antoine Deley,Abia sericea
4408161571,StillImage,image/jpeg,https://observation.org/photos/49986901.jpg,,,,,,,Py van Beelen,,,http://creativecommons.org/licenses/by-nc-nd/4.0/,Py van Beelen,Abia sericea
4408171395,StillImage,image/jpeg,https://observation.org/photos/29691013.jpg,,,,,,,Dick Hoek,,,http://creativecommons.org/licenses/by-nc-nd/4.0/,Dick Hoek,Abia sericea
4408171444,StillImage,image/jpeg,https://observation.org/photos/40481187.jpg,,,,,,,Seth Walhout,,,http://creativecommons.org/licenses/by-nc-nd/4.0/,Seth Walhout,Abia sericea
4408174478,StillImage,image/jpeg,https://observation.org/photos/36664780.jpg,,,,,,,"Marc van Leeuwen, Bureau Eco-line",,,http://creativecommons.org/licenses/by-nc-nd/4.0/,"Marc van Leeuwen, Bureau Eco-line",Abia sericea
4408174478,StillImage,image/jpeg,https://observation.org/photos/36664781.jpg,,,,,,,"Marc van Leeuwen, Bureau Eco-line",,,http://creativecommons.org/licenses/by-nc-nd/4.0/,"Marc van Leeuwen, Bureau Eco-line",Abia sericea
4408206535,StillImage,image/jpeg,https://observation.org/photos/65598348.jpg,,,,,,,Bas Waanders,,,http://creativecommons.org/licenses/by-nc-nd/4.0/,Bas Waanders,Abia sericea
4408215562,StillImage,image/jpeg,https://observation.org/photos/66292431.jpg,,,,,,,Bart van der Woude,,,http://creativecommons.org/licenses/by-nc-nd/4.0/,Bart van der Woude,Abia sericea
4408215562,StillImage,image/jpeg,https://observation.org/photos/66292430.jpg,,,,,,,Bart van der Woude,,,http://creativecommons.org/licenses/by-nc-nd/4.0/,Bart van der Woude,Abia sericea
4408219658,StillImage,image/jpeg,https://observation.org/photos/55869402.jpg,,,,,,,Trudy & Willem Engel,,,http://creativecommons.org/licenses/by-nc-nd/4.0/,Trudy & Willem Engel,Abia sericea
4408249376,StillImage,image/jpeg,https://observation.org/photos/37396500.jpg,,,,,,,Joey Bom,,,http://creativecommons.org/licenses/by/4.0/,Joey Bom,Abia sericea
4408253317,StillImage,image/jpeg,https://observation.org/photos/20885559.jpg,,,,,,,,,,http://creativecommons.org/licenses/by-nc-nd/4.0/,Sjak Gielen,Abia sericea
4408289593,StillImage,image/jpeg,https://observation.org/photos/49942017.jpg,,,,,,,Peter Schaft,,,http://creativecommons.org/licenses/by-nc-nd/4.0/,Peter Schaft,Abia sericea
4408341337,StillImage,image/jpeg,https://observation.org/photos/20584922.jpg,,,,,,,,,,http://creativecommons.org/licenses/by-nc-nd/4.0/,Paul van de laak,Abia sericea
4408532637,StillImage,image/jpeg,https://observation.org/photos/69803699.jpg,,,,,,,John Beentjes,,,http://creativecommons.org/licenses/by-nc-nd/4.0/,John Beentjes,Abia sericea
4409747372,StillImage,image/jpeg,https://observation.org/photos/72984852.jpg,,,,,,,Alex Zuijdervliet,,,http://creativecommons.org/licenses/by-nc-nd/4.0/,Alex Zuijdervliet,Abia sericea
4409849545,StillImage,image/jpeg,https://observation.org/photos/72907803.jpg,,,,,,,Ronald Poels,,,http://creativecommons.org/licenses/by-nc/4.0/,Ronald Poels,Abia sericea
4409849545,StillImage,image/jpeg,https://observation.org/photos/72907802.jpg,,,,,,,Ronald Poels,,,http://creativecommons.org/licenses/by-nc/4.0/,Ronald Poels,Abia sericea
4409928227,StillImage,image/jpeg,https://observation.org/photos/73203495.jpg,,,,,,,Kees Vertegaal,,,http://creativecommons.org/licenses/by-nc-nd/4.0/,Kees Vertegaal,Abia sericea
4409928227,StillImage,image/jpeg,https://observation.org/photos/73203494.jpg,,,,,,,Kees Vertegaal,,,http://creativecommons.org/licenses/by-nc-nd/4.0/,Kees Vertegaal,Abia sericea
4409928227,StillImage,image/jpeg,https://observation.org/photos/73203496.jpg,,,,,,,Kees Vertegaal,,,http://creativecommons.org/licenses/by-nc-nd/4.0/,Kees Vertegaal,Abia sericea
4409928227,StillImage,image/jpeg,https://observation.org/photos/73203493.jpg,,,,,,,Kees Vertegaal,,,http://creativecommons.org/licenses/by-nc-nd/4.0/,Kees Vertegaal,Abia sericea
4410401479,StillImage,image/jpeg,https://observation.org/photos/74426092.jpg,,,,,,,Suzan Siemons,,,http://creativecommons.org/licenses/by-nc-nd/4.0/,Suzan Siemons,Abia sericea
4459520780,StillImage,image/jpeg,https://observation.org/photos/68819773.jpg,,,,,,,Hennie,,,http://creativecommons.org/licenses/by-nc-nd/4.0/,Hennie,Abrachyglossum capitatum
1955214514,StillImage,image/jpeg,https://observation.org/photos/5216935.jpg,,,,,,,Martien van Bergen,,,http://creativecommons.org/licenses/by-nc-nd/4.0/,Martien van Bergen,Abia sericea
1955695895,StillImage,image/jpeg,https://observation.org/photos/4813316.jpg,,,,,,,Ed Michels,,,http://creativecommons.org/licenses/by-nc-nd/4.0/,Ed Michels,Abia sericea
1957700303,StillImage,image/jpeg,https://observation.org/photos/3578325.jpg,,,,,,,jan wessels,,,http://creativecommons.org/licenses/by-nc-nd/4.0/,Jan Wessels,Abia sericea
1957843238,StillImage,image/jpeg,https://observation.org/photos/3460759.jpg,,,,,,,Marie-Christine Gu√©gan,,,http://creativecommons.org/licenses/by-nc-nd/4.0/,Marie-Christine Gu√©gan,Abrachyglossum capitatum
1957843238,StillImage,image/jpeg,https://observation.org/photos/3460758.jpg,,,,,,,Marie-Christine Gu√©gan,,,http://creativecommons.org/licenses/by-nc-nd/4.0/,Marie-Christine Gu√©gan,Abrachyglossum capitatum
1957843238,StillImage,image/jpeg,https://observation.org/photos/3487780.jpg,,,,,,,Marie-Christine Gu√©gan,,,http://creativecommons.org/licenses/by-nc-nd/4.0/,Marie-Christine Gu√©gan,Abrachyglossum capitatum
1957843238,StillImage,image/jpeg,https://observation.org/photos/3460761.jpg,,,,,,,Marie-Christine Gu√©gan,,,http://creativecommons.org/licenses/by-nc-nd/4.0/,Marie-Christine Gu√©gan,Abrachyglossum capitatum
1959617890,StillImage,image/jpeg,https://observation.org/photos/2388527.jpg,,,,,,,Michiel Poolman,,,http://creativecommons.org/licenses/by-nc-nd/4.0/,Michiel Poolman,Abia sericea
1962333634,StillImage,image/jpeg,https://observation.org/photos/355574.jpg,,,,,,,benno te linde,,,http://creativecommons.org/licenses/by-nc-nd/4.0/,benno te linde,Abia sericea
1969488103,StillImage,image/jpeg,https://observation.org/photos/14337193.jpg,,,,,,,Jan Slaats,,,http://creativecommons.org/licenses/by-nc-nd/4.0/,Jan Slaats,Abrachyglossum capitatum
1969488103,StillImage,image/jpeg,https://observation.org/photos/14337188.jpg,,,,,,,Jan Slaats,,,http://creativecommons.org/licenses/by-nc-nd/4.0/,Jan Slaats,Abrachyglossum capitatum
1969488103,StillImage,image/jpeg,https://observation.org/photos/14337192.jpg,,,,,,,Jan Slaats,,,http://creativecommons.org/licenses/by-nc-nd/4.0/,Jan Slaats,Abrachyglossum capitatum
1977357029,StillImage,image/jpeg,https://observation.org/photos/8370339.jpg,,,,,,,Hans Kunstman,,,http://creativecommons.org/licenses/by-nc/4.0/,Hans Kunstman,Abia sericea
2834051233,StillImage,image/jpeg,https://observation.org/photos/21229923.jpg,,,,,,,Rudy Offereins,,,http://creativecommons.org/licenses/by-nc-nd/4.0/,Rudy Offereins,Abia sericea
2835134981,StillImage,image/jpeg,https://observation.org/photos/213877.jpg,,,,,,,benno te linde,,,http://creativecommons.org/licenses/by-nc-nd/4.0/,benno te linde,Abia sericea
2835134981,StillImage,image/jpeg,https://observation.org/photos/213876.jpg,,,,,,,benno te linde,,,http://creativecommons.org/licenses/by-nc-nd/4.0/,benno te linde,Abia sericea
2836702961,StillImage,image/jpeg,https://observation.org/photos/13488526.jpg,,,,,,,Peter Hoppenbrouwers,,,http://creativecommons.org/licenses/by-nc/4.0/,Peter Hoppenbrouwers,Abia sericea
2837357700,StillImage,image/jpeg,https://observation.org/photos/24367952.jpg,,,,,,,Arnold Wijker,,,http://creativecommons.org/licenses/by-nc/4.0/,Arnold Wijker,Abrachyglossum capitatum
2840962691,StillImage,image/jpeg,https://observation.org/photos/12584907.jpg,,,,,,,Arnold Wijker,,,http://creativecommons.org/licenses/by-nc/4.0/,Arnold Wijker,Abia sericea
3715838006,StillImage,image/jpeg,https://observation.org/photos/21278329.jpg,,,,,,,J.E.van Klinken,,,http://creativecommons.org/licenses/by-nc-nd/4.0/,J.E.van Klinkenü¶ä,Abia sericea
3715838006,StillImage,image/jpeg,https://observation.org/photos/21278338.jpg,,,,,,,J.E.van Klinken,,,http://creativecommons.org/licenses/by-nc-nd/4.0/,J.E.van Klinkenü¶ä,Abia sericea
3715867928,StillImage,image/jpeg,https://observation.org/photos/20808732.jpg,,,,,,,,,,http://creativecommons.org/licenses/by-nc-nd/4.0/,Saskia Verberne,Abia sericea
3717120364,StillImage,image/jpeg,https://observation.org/photos/29024170.jpg,,,,,,,Bart van Berkel,,,http://creativecommons.org/licenses/by-nc-nd/4.0/,Bart van Berkel,Abia sericea
3717120364,StillImage,image/jpeg,https://observation.org/photos/29024138.jpg,,,,,,,Bart van Berkel,,,http://creativecommons.org/licenses/by-nc-nd/4.0/,Bart van Berkel,Abia sericea
3717120364,StillImage,image/jpeg,https://observation.org/photos/29024171.jpg,,,,,,,Bart van Berkel,,,http://creativecommons.org/licenses/by-nc-nd/4.0/,Bart van Berkel,Abia sericea
3717120364,StillImage,image/jpeg,https://observation.org/photos/29024136.jpg,,,,,,,Bart van Berkel,,,http://creativecommons.org/licenses/by-nc-nd/4.0/,Bart van Berkel,Abia sericea
3717120364,StillImage,image/jpeg,https://observation.org/photos/29024169.jpg,,,,,,,Bart van Berkel,,,http://creativecommons.org/licenses/by-nc-nd/4.0/,Bart van Berkel,Abia sericea
3717120364,StillImage,image/jpeg,https://observation.org/photos/29024139.jpg,,,,,,,Bart van Berkel,,,http://creativecommons.org/licenses/by-nc-nd/4.0/,Bart van Berkel,Abia sericea
3717120364,StillImage,image/jpeg,https://observation.org/photos/29024140.jpg,,,,,,,Bart van Berkel,,,http://creativecommons.org/licenses/by-nc-nd/4.0/,Bart van Berkel,Abia sericea
3717120364,StillImage,image/jpeg,https://observation.org/photos/29024137.jpg,,,,,,,Bart van Berkel,,,http://creativecommons.org/licenses/by-nc-nd/4.0/,Bart van Berkel,Abia sericea
3717307119,StillImage,image/jpeg,https://observation.org/photos/29430107.jpg,,,,,,,Dick Hoek,,,http://creativecommons.org/licenses/by-nc-nd/4.0/,Dick Hoek,Abia sericea
3717307119,StillImage,image/jpeg,https://observation.org/photos/29430334.jpg,,,,,,,Dick Hoek,,,http://creativecommons.org/licenses/by-nc-nd/4.0/,Dick Hoek,Abia sericea
3717901515,StillImage,image/jpeg,https://observation.org/photos/30317543.jpg,,,,,,,Arnold Wijker,,,http://creativecommons.org/licenses/by-nc/4.0/,Arnold Wijker,Abrachyglossum capitatum
3721145925,StillImage,image/jpeg,https://observation.org/photos/39272604.jpg,,,,,,,Wim Bakker,,,http://creativecommons.org/licenses/by-nc-sa/4.0/,Wim Bakker,Abrachyglossum capitatum
3721145925,StillImage,image/jpeg,https://observation.org/photos/39272603.jpg,,,,,,,Wim Bakker,,,http://creativecommons.org/licenses/by-nc-sa/4.0/,Wim Bakker,Abrachyglossum capitatum
3721348894,StillImage,image/jpeg,https://observation.org/photos/38313159.jpg,,,,,,,Jan Slaats,,,http://creativecommons.org/licenses/by-nc-nd/4.0/,Jan Slaats,Abrachyglossum capitatum
3721348894,StillImage,image/jpeg,https://observation.org/photos/38313158.jpg,,,,,,,Jan Slaats,,,http://creativecommons.org/licenses/by-nc-nd/4.0/,Jan Slaats,Abrachyglossum capitatum
3725878451,StillImage,image/jpeg,https://observation.org/photos/28435405.jpg,,,,,,,Leena M√§√§tt√§nen,,,http://creativecommons.org/licenses/by-nc-nd/4.0/,Leena M√§√§tt√§nen,Abia sericea
3725950077,StillImage,image/jpeg,https://observation.org/photos/27617483.jpg,,,,,,,Guido Verschoor,,,http://creativecommons.org/licenses/by-nc-sa/4.0/,Guido Verschoor,Abia sericea
3725950077,StillImage,image/jpeg,https://observation.org/photos/27617482.jpg,,,,,,,Guido Verschoor,,,http://creativecommons.org/licenses/by-nc-sa/4.0/,Guido Verschoor,Abia sericea
3726790420,StillImage,image/jpeg,https://observation.org/photos/29626556.jpg,,,,,,,Sjors de Kort,,,http://creativecommons.org/licenses/by/4.0/,Sjors de Kort,Abia sericea
3727431268,StillImage,image/jpeg,https://observation.org/photos/27094599.jpg,,,,,,,Lenny van der Coelen & Melissa Reijnders,,,http://creativecommons.org/licenses/by-nc-nd/4.0/,Lenny van der Coelen & Melissa Reijnders,Abrachyglossum capitatum
3729627507,StillImage,image/jpeg,https://observation.org/photos/35455769.jpg,,,,,,,Lionne van Drunen,,,http://creativecommons.org/licenses/by-nc-nd/4.0/,Lionne van Drunen,Abia sericea
3729627507,StillImage,image/jpeg,https://observation.org/photos/35455768.jpg,,,,,,,Lionne van Drunen,,,http://creativecommons.org/licenses/by-nc-nd/4.0/,Lionne van Drunen,Abia sericea
3730461588,StillImage,image/jpeg,https://observation.org/photos/38961756.jpg,,,,,,,Dick Belgers,,,http://creativecommons.org/licenses/by-nc-nd/4.0/,Dick Belgers,Abrachyglossum capitatum
3731709783,StillImage,image/jpeg,https://observation.org/photos/38964604.jpg,,,,,,,Dick Belgers,,,http://creativecommons.org/licenses/by-nc-nd/4.0/,Dick Belgers,Abrachyglossum capitatum
3731709783,StillImage,image/jpeg,https://observation.org/photos/38964602.jpg,,,,,,,Dick Belgers,,,http://creativecommons.org/licenses/by-nc-nd/4.0/,Dick Belgers,Abrachyglossum capitatum
3731709783,StillImage,image/jpeg,https://observation.org/photos/38964601.jpg,,,,,,,Dick Belgers,,,http://creativecommons.org/licenses/by-nc-nd/4.0/,Dick Belgers,Abrachyglossum capitatum
3731799969,StillImage,image/jpeg,https://observation.org/photos/38443446.jpg,,,,,,,Hein Nouwens,,,http://creativecommons.org/licenses/by-nc-nd/4.0/,Hein Nouwens,Abrachyglossum capitatum
3731799969,StillImage,image/jpeg,https://observation.org/photos/38443447.jpg,,,,,,,Hein Nouwens,,,http://creativecommons.org/licenses/by-nc-nd/4.0/,Hein Nouwens,Abrachyglossum capitatum
3731799969,StillImage,image/jpeg,https://observation.org/photos/38443445.jpg,,,,,,,Hein Nouwens,,,http://creativecommons.org/licenses/by-nc-nd/4.0/,Hein Nouwens,Abrachyglossum capitatum
3822679128,StillImage,image/jpeg,https://observation.org/photos/38895306.jpg,,,,,,,Jan Albers,,,http://creativecommons.org/licenses/by-nc-nd/4.0/,Jan Albers,Abrachyglossum capitatum
3822679128,StillImage,image/jpeg,https://observation.org/photos/38943713.jpg,,,,,,,Jan Albers,,,http://creativecommons.org/licenses/by-nc-nd/4.0/,Jan Albers,Abrachyglossum capitatum
3825802837,StillImage,image/jpeg,https://observation.org/photos/49219190.jpg,,,,,,,Niels,,,http://creativecommons.org/licenses/by-nc-nd/4.0/,Niels,Abrachyglossum capitatum
3825802837,StillImage,image/jpeg,https://observation.org/photos/49219191.jpg,,,,,,,Niels,,,http://creativecommons.org/licenses/by-nc-nd/4.0/,Niels,Abrachyglossum capitatum
3825802837,StillImage,image/jpeg,https://observation.org/photos/49219189.jpg,,,,,,,Niels,,,http://creativecommons.org/licenses/by-nc-nd/4.0/,Niels,Abrachyglossum capitatum
3825802837,StillImage,image/jpeg,https://observation.org/photos/49219188.jpg,,,,,,,Niels,,,http://creativecommons.org/licenses/by-nc-nd/4.0/,Niels,Abrachyglossum capitatum
3905119051,StillImage,image/jpeg,https://observation.org/photos/54428216.jpg,,,,,,,Kees Meuzelaar,,,http://creativecommons.org/licenses/by-nc-nd/4.0/,Kees Meuzelaar,Abrachyglossum capitatum
3905119051,StillImage,image/jpeg,https://observation.org/photos/54428218.jpg,,,,,,,Kees Meuzelaar,,,http://creativecommons.org/licenses/by-nc-nd/4.0/,Kees Meuzelaar,Abrachyglossum capitatum
3905119051,StillImage,image/jpeg,https://observation.org/photos/54428217.jpg,,,,,,,Kees Meuzelaar,,,http://creativecommons.org/licenses/by-nc-nd/4.0/,Kees Meuzelaar,Abrachyglossum capitatum
3905119051,StillImage,image/jpeg,https://observation.org/photos/54428219.jpg,,,,,,,Kees Meuzelaar,,,http://creativecommons.org/licenses/by-nc-nd/4.0/,Kees Meuzelaar,Abrachyglossum capitatum
4159695887,StillImage,image/jpeg,https://observation.org/photos/69110539.jpg,,,,,,,H. Cuppen,,,http://creativecommons.org/licenses/by-nc-nd/4.0/,H. Cuppen,Abrachyglossum capitatum
4159695887,StillImage,image/jpeg,https://observation.org/photos/69110537.jpg,,,,,,,H. Cuppen,,,http://creativecommons.org/licenses/by-nc-nd/4.0/,H. Cuppen,Abrachyglossum capitatum
4159695887,StillImage,image/jpeg,https://observation.org/photos/69110538.jpg,,,,,,,H. Cuppen,,,http://creativecommons.org/licenses/by-nc-nd/4.0/,H. Cuppen,Abrachyglossum capitatum
4159695887,StillImage,image/jpeg,https://observation.org/photos/69110536.jpg,,,,,,,H. Cuppen,,,http://creativecommons.org/licenses/by-nc-nd/4.0/,H. Cuppen,Abrachyglossum capitatum
4408030518,StillImage,image/jpeg,https://observation.org/photos/39966191.jpg,,,,,,,Mathijs de Koning,,,http://creativecommons.org/licenses/by-nc-nd/4.0/,Mathijs de Koning,Abia sericea
4408031422,StillImage,image/jpeg,https://observation.org/photos/37819596.jpg,,,,,,,Dennis Maas,,,http://creativecommons.org/licenses/by-nc-nd/4.0/,Dennis Maas,Abia sericea
4408031422,StillImage,image/jpeg,https://observation.org/photos/37819598.jpg,,,,,,,Dennis Maas,,,http://creativecommons.org/licenses/by-nc-nd/4.0/,Dennis Maas,Abia sericea
4408031422,StillImage,image/jpeg,https://observation.org/photos/37819597.jpg,,,,,,,Dennis Maas,,,http://creativecommons.org/licenses/by-nc-nd/4.0/,Dennis Maas,Abia sericea
4408049720,StillImage,image/jpeg,https://observation.org/photos/55759915.jpg,,,,,,,Jon Silber,,,http://creativecommons.org/licenses/by-nc-nd/4.0/,Jon Silber,Abia sericea
4408060402,StillImage,image/jpeg,https://observation.org/photos/37036528.jpg,,,,,,,Antje Boiten,,,http://creativecommons.org/licenses/by-nc-nd/4.0/,Antje Boiten,Abia sericea
4408060402,StillImage,image/jpeg,https://observation.org/photos/37036527.jpg,,,,,,,Antje Boiten,,,http://creativecommons.org/licenses/by-nc-nd/4.0/,Antje Boiten,Abia sericea
4408060402,StillImage,image/jpeg,https://observation.org/photos/37036529.jpg,,,,,,,Antje Boiten,,,http://creativecommons.org/licenses/by-nc-nd/4.0/,Antje Boiten,Abia sericea
4408099577,StillImage,image/jpeg,https://observation.org/photos/55330608.jpg,,,,,,,Jon Silber,,,http://creativecommons.org/licenses/by-nc-nd/4.0/,Jon Silber,Abia sericea
4408108463,StillImage,image/jpeg,https://observation.org/photos/38115290.jpg,,,,,,,Jan Aalders,,,http://creativecommons.org/licenses/by/4.0/,Jan Aalders,Abia sericea
4408108620,StillImage,image/jpeg,https://observation.org/photos/54182422.jpg,,,,,,,Ruud van Middelkoop,,,http://creativecommons.org/licenses/by-nc-nd/4.0/,Ruud en Betty van Middelkoop,Abia sericea
4408108620,StillImage,image/jpeg,https://observation.org/photos/54182423.jpg,,,,,,,Ruud van Middelkoop,,,http://creativecommons.org/licenses/by-nc-nd/4.0/,Ruud en Betty van Middelkoop,Abia sericea
4408109043,StillImage,image/jpeg,https://observation.org/photos/66625231.jpg,,,,,,,Paul Dirksen,,,http://creativecommons.org/licenses/by-nc/4.0/,Paul Dirksen,Abia sericea
4408112814,StillImage,image/jpeg,https://observation.org/photos/56839440.jpg,,,,,,,Stannie van den Besselaar,,,http://creativecommons.org/licenses/by-nc-nd/4.0/,Stannie van den Besselaar,Abia sericea
4408142488,StillImage,image/jpeg,https://observation.org/photos/40390352.jpg,,,,,,,Trudy & Willem Engel,,,http://creativecommons.org/licenses/by-nc-nd/4.0/,Trudy & Willem Engel,Abia sericea
4408142488,StillImage,image/jpeg,https://observation.org/photos/40390277.jpg,,,,,,,Trudy & Willem Engel,,,http://creativecommons.org/licenses/by-nc-nd/4.0/,Trudy & Willem Engel,Abia sericea
4408142488,StillImage,image/jpeg,https://observation.org/photos/40390276.jpg,,,,,,,Trudy & Willem Engel,,,http://creativecommons.org/licenses/by-nc-nd/4.0/,Trudy & Willem Engel,Abia sericea
4408142488,StillImage,image/jpeg,https://observation.org/photos/40390351.jpg,,,,,,,Trudy & Willem Engel,,,http://creativecommons.org/licenses/by-nc-nd/4.0/,Trudy & Willem Engel,Abia sericea
4408168674,StillImage,image/jpeg,https://observation.org/photos/55461376.jpg,,,,,,,Jon Silber,,,http://creativecommons.org/licenses/by-nc-nd/4.0/,Jon Silber,Abia sericea
4408179514,StillImage,image/jpeg,https://observation.org/photos/49010684.jpg,,,,,,,Bas Waanders,,,http://creativecommons.org/licenses/by-nc-nd/4.0/,Bas Waanders,Abia sericea
4408193527,StillImage,image/jpeg,https://observation.org/photos/40707729.jpg,,,,,,,Aart Rozendaal,,,http://creativecommons.org/licenses/by-nc-nd/4.0/,Aart Rozendaal,Abia sericea
4408211409,StillImage,image/jpeg,https://observation.org/photos/53986840.jpg,,,,,,,Henri√´tteW,,,http://creativecommons.org/licenses/by-nc-nd/4.0/,Henri√´tteW,Abia sericea
4408211409,StillImage,image/jpeg,https://observation.org/photos/53986841.jpg,,,,,,,Henri√´tteW,,,http://creativecommons.org/licenses/by-nc-nd/4.0/,Henri√´tteW,Abia sericea
4408228357,StillImage,image/jpeg,https://observation.org/photos/27387914.jpg,,,,,,,Jolanda van der Zijden,,,http://creativecommons.org/licenses/by-nc-nd/4.0/,Jolanda van der Zijden,Abia sericea
4408263060,StillImage,image/jpeg,https://observation.org/photos/70688455.jpg,,,,,,,Jan Slaats,,,http://creativecommons.org/licenses/by-nc-nd/4.0/,Jan Slaats,Abrachyglossum capitatum
4408306544,StillImage,image/jpeg,https://observation.org/photos/50384704.jpg,,,,,,,Bas Waanders,,,http://creativecommons.org/licenses/by-nc-nd/4.0/,Bas Waanders,Abia sericea
4408320525,StillImage,image/jpeg,https://observation.org/photos/65795631.jpg,,,,,,,TN VTS,,,http://creativecommons.org/licenses/by-nc-nd/4.0/,TN VTS,Abia sericea
4408320525,StillImage,image/jpeg,https://observation.org/photos/65795633.jpg,,,,,,,TN VTS,,,http://creativecommons.org/licenses/by-nc-nd/4.0/,TN VTS,Abia sericea
4408320525,StillImage,image/jpeg,https://observation.org/photos/65795632.jpg,,,,,,,TN VTS,,,http://creativecommons.org/licenses/by-nc-nd/4.0/,TN VTS,Abia sericea
4408325606,StillImage,image/jpeg,https://observation.org/photos/49974127.jpg,,,,,,,Stannie van den Besselaar,,,http://creativecommons.org/licenses/by-nc-nd/4.0/,Stannie van den Besselaar,Abia sericea
4408529312,StillImage,image/jpeg,https://observation.org/photos/67782054.jpg,,,,,,,M. Huurman,,,http://creativecommons.org/licenses/by-nc-nd/4.0/,M. Huurman,Abia sericea
4409495143,StillImage,image/jpeg,https://observation.org/photos/73285881.jpg,,,,,,,B.Schoon,,,http://creativecommons.org/licenses/by-nc-nd/4.0/,B.Schoon,Abrachyglossum capitatum
4410323819,StillImage,image/jpeg,https://observation.org/photos/74381676.jpg,,,,,,,Etienne,,,http://creativecommons.org/licenses/by-nc-nd/4.0/,Etienne,Abia sericea
1952806691,StillImage,image/jpeg,https://observation.org/photos/6895414.jpg,,,,,,,Tineke Cramer,,,http://creativecommons.org/licenses/by-nc/4.0/,Tineke Cramer,Abia sericea
1959930578,StillImage,image/jpeg,https://observation.org/photos/2156640.jpg,,,,,,,Lo Troisfontaine,,,http://creativecommons.org/licenses/by/4.0/,Lo Troisfontaine,Abia sericea
1961535821,StillImage,image/jpeg,https://observation.org/photos/1247822.jpg,,,,,,,twan martens,,,http://creativecommons.org/licenses/by-nc-nd/4.0/,Twan Martens,Abia sericea
1970036754,StillImage,image/jpeg,https://observation.org/photos/13764551.jpg,,,,,,,Sandra Lamberts,,,http://creativecommons.org/licenses/by-nc-nd/4.0/,Sandra Lamberts,Abrachyglossum capitatum
1973659564,StillImage,image/jpeg,https://observation.org/photos/11194638.jpg,,,,,,,Dick Belgers,,,http://creativecommons.org/licenses/by-nc-nd/4.0/,Dick Belgers,Abrachyglossum capitatum
1973659564,StillImage,image/jpeg,https://observation.org/photos/11194636.jpg,,,,,,,Dick Belgers,,,http://creativecommons.org/licenses/by-nc-nd/4.0/,Dick Belgers,Abrachyglossum capitatum
1974173989,StillImage,image/jpeg,https://observation.org/photos/10746753.jpg,,,,,,,Jan Ligtenberg,,,http://creativecommons.org/licenses/by-nc-nd/4.0/,Jan Ligtenberg,Abia sericea
1977055624,StillImage,image/jpeg,https://observation.org/photos/8583339.jpg,,,,,,,Jan Ligtenberg,,,http://creativecommons.org/licenses/by-nc-nd/4.0/,Jan Ligtenberg,Abia sericea
1977055624,StillImage,image/jpeg,https://observation.org/photos/8583340.jpg,,,,,,,Jan Ligtenberg,,,http://creativecommons.org/licenses/by-nc-nd/4.0/,Jan Ligtenberg,Abia sericea
2834363427,StillImage,image/jpeg,https://observation.org/photos/22180651.jpg,,,,,,,,,,http://creativecommons.org/licenses/by-nc-nd/4.0/,Jan Slaats,Abrachyglossum capitatum
2836908662,StillImage,image/jpeg,https://observation.org/photos/21364049.jpg,,,,,,,Harm Alberts,,,http://creativecommons.org/licenses/by-nc-nd/4.0/,Harm Alberts,Abia sericea
2836908662,StillImage,image/jpeg,https://observation.org/photos/21364048.jpg,,,,,,,Harm Alberts,,,http://creativecommons.org/licenses/by-nc-nd/4.0/,Harm Alberts,Abia sericea
2837822137,StillImage,image/jpeg,https://observation.org/photos/532866.jpg,,,,,,,Dick Belgers,,,http://creativecommons.org/licenses/by-nc-nd/4.0/,Dick Belgers,Abia sericea
2840306433,StillImage,image/jpeg,https://observation.org/photos/10310734.jpg,,,,,,,Sandra Lamberts,,,http://creativecommons.org/licenses/by-nc-nd/4.0/,Sandra Lamberts,Abrachyglossum capitatum
2840341524,StillImage,image/jpeg,https://observation.org/photos/14159679.jpg,,,,,,,Hinko Talsma,,,http://creativecommons.org/licenses/by-nc-sa/4.0/,Hinko Talsma,Abia sericea
2842284143,StillImage,image/jpeg,https://observation.org/photos/21037015.jpg,,,,,,,,,,http://creativecommons.org/licenses/by-nc-nd/4.0/,Bart van Hoogstraten,Abia sericea
3717080905,StillImage,image/jpeg,https://observation.org/photos/28770947.jpg,,,,,,,Reinoud van den Broek,,,http://creativecommons.org/licenses/by-nc-nd/4.0/,Reinoud van den Broek,Abrachyglossum capitatum
3718086390,StillImage,image/jpeg,https://observation.org/photos/31290266.jpg,,,,,,,Sandra Lamberts,,,http://creativecommons.org/licenses/by-nc-nd/4.0/,Sandra Lamberts,Abrachyglossum capitatum
3718086390,StillImage,image/jpeg,https://observation.org/photos/31290267.jpg,,,,,,,Sandra Lamberts,,,http://creativecommons.org/licenses/by-nc-nd/4.0/,Sandra Lamberts,Abrachyglossum capitatum
3721260563,StillImage,image/jpeg,https://observation.org/photos/38883051.jpg,,,,,,,Lo Troisfontaine,,,http://creativecommons.org/licenses/by/4.0/,Lo Troisfontaine,Abrachyglossum capitatum
3721293350,StillImage,image/jpeg,https://observation.org/photos/38787494.jpg,,,,,,,Silvia Coolen,,,http://creativecommons.org/licenses/by-nc-nd/4.0/,Silvia Coolen,Abrachyglossum capitatum
3721293350,StillImage,image/jpeg,https://observation.org/photos/38787496.jpg,,,,,,,Silvia Coolen,,,http://creativecommons.org/licenses/by-nc-nd/4.0/,Silvia Coolen,Abrachyglossum capitatum
3721293350,StillImage,image/jpeg,https://observation.org/photos/38787493.jpg,,,,,,,Silvia Coolen,,,http://creativecommons.org/licenses/by-nc-nd/4.0/,Silvia Coolen,Abrachyglossum capitatum
3721293350,StillImage,image/jpeg,https://observation.org/photos/38787495.jpg,,,,,,,Silvia Coolen,,,http://creativecommons.org/licenses/by-nc-nd/4.0/,Silvia Coolen,Abrachyglossum capitatum
3721390325,StillImage,image/jpeg,https://observation.org/photos/37930067.jpg,,,,,,,Elmar Prins,,,http://creativecommons.org/licenses/by-nc-nd/4.0/,Elmar Prins,Abrachyglossum capitatum
3721390325,StillImage,image/jpeg,https://observation.org/photos/37930066.jpg,,,,,,,Elmar Prins,,,http://creativecommons.org/licenses/by-nc-nd/4.0/,Elmar Prins,Abrachyglossum capitatum
3721390325,StillImage,image/jpeg,https://observation.org/photos/37930064.jpg,,,,,,,Elmar Prins,,,http://creativecommons.org/licenses/by-nc-nd/4.0/,Elmar Prins,Abrachyglossum capitatum
3721390325,StillImage,image/jpeg,https://observation.org/photos/37930065.jpg,,,,,,,Elmar Prins,,,http://creativecommons.org/licenses/by-nc-nd/4.0/,Elmar Prins,Abrachyglossum capitatum
3721721408,StillImage,image/jpeg,https://observation.org/photos/38707222.jpg,,,,,,,Jan Slaats,,,http://creativecommons.org/licenses/by-nc-nd/4.0/,Jan Slaats,Abrachyglossum capitatum
3721721408,StillImage,image/jpeg,https://observation.org/photos/38707223.jpg,,,,,,,Jan Slaats,,,http://creativecommons.org/licenses/by-nc-nd/4.0/,Jan Slaats,Abrachyglossum capitatum
3725131108,StillImage,image/jpeg,https://observation.org/photos/21499892.jpg,,,,,,,,,,http://creativecommons.org/licenses/by-nc-nd/4.0/,Ellie koreman,Abia sericea
3725276266,StillImage,image/jpeg,https://observation.org/photos/24320449.jpg,,,,,,,,,,http://creativecommons.org/licenses/by-nc-nd/4.0/,Jeroen Hoek,Abia sericea
3725276266,StillImage,image/jpeg,https://observation.org/photos/21990111.jpg,,,,,,,,,,http://creativecommons.org/licenses/by-nc-nd/4.0/,Jeroen Hoek,Abia sericea
3731567886,StillImage,image/jpeg,https://observation.org/photos/40839717.jpg,,,,,,,Py van Beelen,,,http://creativecommons.org/licenses/by-nc-nd/4.0/,Py van Beelen,Abrachyglossum capitatum
3731567886,StillImage,image/jpeg,https://observation.org/photos/40839716.jpg,,,,,,,Py van Beelen,,,http://creativecommons.org/licenses/by-nc-nd/4.0/,Py van Beelen,Abrachyglossum capitatum
3731567886,StillImage,image/jpeg,https://observation.org/photos/40839718.jpg,,,,,,,Py van Beelen,,,http://creativecommons.org/licenses/by-nc-nd/4.0/,Py van Beelen,Abrachyglossum capitatum
3731567886,StillImage,image/jpeg,https://observation.org/photos/40839719.jpg,,,,,,,Py van Beelen,,,http://creativecommons.org/licenses/by-nc-nd/4.0/,Py van Beelen,Abrachyglossum capitatum
3731608493,StillImage,image/jpeg,https://observation.org/photos/37937758.jpg,,,,,,,Silvia Coolen,,,http://creativecommons.org/licenses/by-nc-nd/4.0/,Silvia Coolen,Abrachyglossum capitatum
3731608493,StillImage,image/jpeg,https://observation.org/photos/37937759.jpg,,,,,,,Silvia Coolen,,,http://creativecommons.org/licenses/by-nc-nd/4.0/,Silvia Coolen,Abrachyglossum capitatum
3904677239,StillImage,image/jpeg,https://observation.org/photos/56155784.jpg,,,,,,,Ineke Hafkenscheid,,,http://creativecommons.org/licenses/by-nc-nd/4.0/,Ineke Hafkenscheid,Abrachyglossum capitatum
3904677239,StillImage,image/jpeg,https://observation.org/photos/56155785.jpg,,,,,,,Ineke Hafkenscheid,,,http://creativecommons.org/licenses/by-nc-nd/4.0/,Ineke Hafkenscheid,Abrachyglossum capitatum
4156188322,StillImage,image/jpeg,https://observation.org/photos/64826746.jpg,,,,,,,Thomastertw,,,http://creativecommons.org/licenses/by-nc-nd/4.0/,Thomastertw,Abrachyglossum capitatum
4408027531,StillImage,image/jpeg,https://observation.org/photos/40903996.jpg,,,,,,,Cyril Hageman,,,http://creativecommons.org/licenses/by-nc-nd/4.0/,Cyril Hageman,Abia sericea
4408027531,StillImage,image/jpeg,https://observation.org/photos/40904265.jpg,,,,,,,Cyril Hageman,,,http://creativecommons.org/licenses/by-nc-nd/4.0/,Cyril Hageman,Abia sericea
4408030514,StillImage,image/jpeg,https://observation.org/photos/38879934.jpg,,,,,,,Peter van de Haar,,,http://creativecommons.org/licenses/by-nc-nd/4.0/,Peter van de Haar,Abia sericea
4408048394,StillImage,image/jpeg,https://observation.org/photos/49784664.jpg,,,,,,,Py van Beelen,,,http://creativecommons.org/licenses/by-nc-nd/4.0/,Py van Beelen,Abia sericea
4408057713,StillImage,image/jpeg,https://observation.org/photos/55330497.jpg,,,,,,,Jon Silber,,,http://creativecommons.org/licenses/by-nc-nd/4.0/,Jon Silber,Abia sericea
4408097610,StillImage,image/jpeg,https://observation.org/photos/50070439.jpg,,,,,,,Jolanda van der Zijden,,,http://creativecommons.org/licenses/by-nc-nd/4.0/,Jolanda van der Zijden,Abia sericea
4408143573,StillImage,image/jpeg,https://observation.org/photos/49366037.jpg,,,,,,,Bas Waanders,,,http://creativecommons.org/licenses/by-nc-nd/4.0/,Bas Waanders,Abia sericea
4408143573,StillImage,image/jpeg,https://observation.org/photos/49366036.jpg,,,,,,,Bas Waanders,,,http://creativecommons.org/licenses/by-nc-nd/4.0/,Bas Waanders,Abia sericea
4408170492,StillImage,image/jpeg,https://observation.org/photos/41339753.jpg,,,,,,,Jan Ligtenberg,,,http://creativecommons.org/licenses/by-nc-nd/4.0/,Jan Ligtenberg,Abia sericea
4408178543,StillImage,image/jpeg,https://observation.org/photos/37742338.jpg,,,,,,,Pierre van der Wielen,,,http://creativecommons.org/licenses/by-nc-nd/4.0/,Pierre van der Wielen,Abia sericea
4408178543,StillImage,image/jpeg,https://observation.org/photos/37742339.jpg,,,,,,,Pierre van der Wielen,,,http://creativecommons.org/licenses/by-nc-nd/4.0/,Pierre van der Wielen,Abia sericea
4408201514,StillImage,image/jpeg,https://observation.org/photos/40468749.jpg,,,,,,,Saskia Vergeer,,,http://creativecommons.org/licenses/by-nc-nd/4.0/,Saskia Vergeer,Abia sericea
4408214623,StillImage,image/jpeg,https://observation.org/photos/52482879.jpg,,,,,,,Leon Olsthoorn,,,http://creativecommons.org/licenses/by-nc-nd/4.0/,Leon Olsthoorn,Abia sericea
4408224325,StillImage,image/jpeg,https://observation.org/photos/27034503.jpg,,,,,,,Axel de F,,,http://creativecommons.org/licenses/by-nc-nd/4.0/,Axel de F,Abia sericea
4408255560,StillImage,image/jpeg,https://observation.org/photos/50021416.jpg,,,,,,,Maartje Vijgenboom,,,http://creativecommons.org/licenses/by-nc-nd/4.0/,Maartje Vijgenboom,Abia sericea
4408271486,StillImage,image/jpeg,https://observation.org/photos/36128384.jpg,,,,,,,Stannie van den Besselaar,,,http://creativecommons.org/licenses/by-nc-nd/4.0/,Stannie van den Besselaar,Abia sericea
4408272345,StillImage,image/jpeg,https://observation.org/photos/28171620.jpg,,,,,,,Paul van de laak,,,http://creativecommons.org/licenses/by-nc-nd/4.0/,Paul van de laak,Abia sericea
4408275603,StillImage,image/jpeg,https://observation.org/photos/50492617.jpg,,,,,,,Gert-Jan de Rechter,,,http://creativecommons.org/licenses/by-nc-nd/4.0/,Gert-Jan de Rechter,Abia sericea
4408277511,StillImage,image/jpeg,https://observation.org/photos/40911497.jpg,,,,,,,Daan van Werven,,,http://creativecommons.org/licenses/by-nc-nd/4.0/,Daan van Werven,Abia sericea
4408277511,StillImage,image/jpeg,https://observation.org/photos/40911496.jpg,,,,,,,Daan van Werven,,,http://creativecommons.org/licenses/by-nc-nd/4.0/,Daan van Werven,Abia sericea
4408292451,StillImage,image/jpeg,https://observation.org/photos/50897329.jpg,,,,,,,Gert-Jan de Rechter,,,http://creativecommons.org/licenses/by-nc-nd/4.0/,Gert-Jan de Rechter,Abia sericea
4408294611,StillImage,image/jpeg,https://observation.org/photos/50889260.jpg,,,,,,,Bas Waanders,,,http://creativecommons.org/licenses/by-nc-nd/4.0/,Bas Waanders,Abia sericea
4408294611,StillImage,image/jpeg,https://observation.org/photos/50889261.jpg,,,,,,,Bas Waanders,,,http://creativecommons.org/licenses/by-nc-nd/4.0/,Bas Waanders,Abia sericea
4408296358,StillImage,image/jpeg,https://observation.org/photos/37024630.jpg,,,,,,,Peter-Paul Schets,,,http://creativecommons.org/licenses/by-nc-nd/4.0/,Peter-Paul Schets,Abia sericea
4408852279,StillImage,image/jpeg,https://observation.org/photos/71379173.jpg,,,,,,,Peter Schaft,,,http://creativecommons.org/licenses/by-nc-nd/4.0/,Peter Schaft,Abrachyglossum capitatum
4409613511,StillImage,image/jpeg,https://observation.org/photos/72423613.jpg,,,,,,,H. Coops,,,http://creativecommons.org/licenses/by-nc-nd/4.0/,H. Coops,Abrachyglossum capitatum
4409613511,StillImage,image/jpeg,https://observation.org/photos/72423615.jpg,,,,,,,H. Coops,,,http://creativecommons.org/licenses/by-nc-nd/4.0/,H. Coops,Abrachyglossum capitatum
4410021941,StillImage,image/jpeg,https://observation.org/photos/74149728.jpg,,,,,,,Jon Silber,,,http://creativecommons.org/licenses/by-nc-nd/4.0/,Jon Silber,Abia sericea
4410021941,StillImage,image/jpeg,https://observation.org/photos/74149727.jpg,,,,,,,Jon Silber,,,http://creativecommons.org/licenses/by-nc-nd/4.0/,Jon Silber,Abia sericea
4410029399,StillImage,image/jpeg,https://observation.org/photos/73305120.jpg,,,,,,,Jon Silber,,,http://creativecommons.org/licenses/by-nc-nd/4.0/,Jon Silber,Abia sericea
4410230278,StillImage,image/jpeg,https://observation.org/photos/75041972.jpg,,,,,,,D. Heintz,,,http://creativecommons.org/licenses/by-nc-nd/4.0/,D. Heintz,Abia sericea
4461210986,StillImage,image/jpeg,https://observation.org/photos/76947697.jpg,,,,,,,Erna Vriesman,,,http://creativecommons.org/licenses/by-nc-nd/4.0/,Erna Vriesman,Abia sericea
4461210986,StillImage,image/jpeg,https://observation.org/photos/76947696.jpg,,,,,,,Erna Vriesman,,,http://creativecommons.org/licenses/by-nc-nd/4.0/,Erna Vriesman,Abia sericea
